[2026-09-05T08:09:55.207+0000] {processor.py:161} INFO - Started process (PID=28) to work on /opt/airflow/dags/accident_etl_dag.py
[2026-09-05T08:09:55.208+0000] {processor.py:830} INFO - Processing file /opt/airflow/dags/accident_etl_dag.py for tasks to queue
[2026-09-05T08:09:55.210+0000] {logging_mixin.py:188} INFO - [2026-09-05T08:09:55.209+0000] {dagbag.py:538} INFO - Filling up the DagBag from /opt/airflow/dags/accident_etl_dag.py
[2026-09-05T08:09:56.629+0000] {logging_mixin.py:188} INFO - [2026-09-05T08:09:56.626+0000] {dagbag.py:348} ERROR - Failed to import: /opt/airflow/dags/accident_etl_dag.py
Traceback (most recent call last):
  File "/home/airflow/.local/lib/python3.8/site-packages/airflow/models/dagbag.py", line 344, in parse
    loader.exec_module(new_module)
  File "<frozen importlib._bootstrap_external>", line 843, in exec_module
  File "<frozen importlib._bootstrap>", line 219, in _call_with_frames_removed
  File "/opt/airflow/dags/accident_etl_dag.py", line 5, in <module>
    import pymysql
ModuleNotFoundError: No module named 'pymysql'
[2026-09-05T08:09:56.630+0000] {processor.py:842} WARNING - No viable dags retrieved from /opt/airflow/dags/accident_etl_dag.py
[2026-09-05T08:09:56.656+0000] {processor.py:183} INFO - Processing /opt/airflow/dags/accident_etl_dag.py took 1.453 seconds
[2026-09-05T08:10:26.798+0000] {processor.py:161} INFO - Started process (PID=30) to work on /opt/airflow/dags/accident_etl_dag.py
[2026-09-05T08:10:26.799+0000] {processor.py:830} INFO - Processing file /opt/airflow/dags/accident_etl_dag.py for tasks to queue
[2026-09-05T08:10:26.801+0000] {logging_mixin.py:188} INFO - [2026-09-05T08:10:26.801+0000] {dagbag.py:538} INFO - Filling up the DagBag from /opt/airflow/dags/accident_etl_dag.py
[2026-09-05T08:10:27.049+0000] {logging_mixin.py:188} INFO - [2026-09-05T08:10:27.048+0000] {dagbag.py:348} ERROR - Failed to import: /opt/airflow/dags/accident_etl_dag.py
Traceback (most recent call last):
  File "/home/airflow/.local/lib/python3.8/site-packages/airflow/models/dagbag.py", line 344, in parse
    loader.exec_module(new_module)
  File "<frozen importlib._bootstrap_external>", line 843, in exec_module
  File "<frozen importlib._bootstrap>", line 219, in _call_with_frames_removed
  File "/opt/airflow/dags/accident_etl_dag.py", line 5, in <module>
    import pymysql
ModuleNotFoundError: No module named 'pymysql'
[2026-09-05T08:10:27.050+0000] {processor.py:842} WARNING - No viable dags retrieved from /opt/airflow/dags/accident_etl_dag.py
[2026-09-05T08:10:27.073+0000] {processor.py:183} INFO - Processing /opt/airflow/dags/accident_etl_dag.py took 0.277 seconds
[2026-09-05T08:10:57.197+0000] {processor.py:161} INFO - Started process (PID=32) to work on /opt/airflow/dags/accident_etl_dag.py
[2026-09-05T08:10:57.197+0000] {processor.py:830} INFO - Processing file /opt/airflow/dags/accident_etl_dag.py for tasks to queue
[2026-09-05T08:10:57.199+0000] {logging_mixin.py:188} INFO - [2026-09-05T08:10:57.199+0000] {dagbag.py:538} INFO - Filling up the DagBag from /opt/airflow/dags/accident_etl_dag.py
[2026-09-05T08:10:57.596+0000] {logging_mixin.py:188} INFO - [2026-09-05T08:10:57.595+0000] {dagbag.py:348} ERROR - Failed to import: /opt/airflow/dags/accident_etl_dag.py
Traceback (most recent call last):
  File "/home/airflow/.local/lib/python3.8/site-packages/airflow/models/dagbag.py", line 344, in parse
    loader.exec_module(new_module)
  File "<frozen importlib._bootstrap_external>", line 843, in exec_module
  File "<frozen importlib._bootstrap>", line 219, in _call_with_frames_removed
  File "/opt/airflow/dags/accident_etl_dag.py", line 5, in <module>
    import pymysql
ModuleNotFoundError: No module named 'pymysql'
[2026-09-05T08:10:57.597+0000] {processor.py:842} WARNING - No viable dags retrieved from /opt/airflow/dags/accident_etl_dag.py
[2026-09-05T08:10:57.611+0000] {processor.py:183} INFO - Processing /opt/airflow/dags/accident_etl_dag.py took 0.418 seconds
[2026-09-05T08:11:27.748+0000] {processor.py:161} INFO - Started process (PID=34) to work on /opt/airflow/dags/accident_etl_dag.py
[2026-09-05T08:11:27.749+0000] {processor.py:830} INFO - Processing file /opt/airflow/dags/accident_etl_dag.py for tasks to queue
[2026-09-05T08:11:27.751+0000] {logging_mixin.py:188} INFO - [2026-09-05T08:11:27.750+0000] {dagbag.py:538} INFO - Filling up the DagBag from /opt/airflow/dags/accident_etl_dag.py
[2026-09-05T08:11:27.982+0000] {logging_mixin.py:188} INFO - [2026-09-05T08:11:27.981+0000] {dagbag.py:348} ERROR - Failed to import: /opt/airflow/dags/accident_etl_dag.py
Traceback (most recent call last):
  File "/home/airflow/.local/lib/python3.8/site-packages/airflow/models/dagbag.py", line 344, in parse
    loader.exec_module(new_module)
  File "<frozen importlib._bootstrap_external>", line 843, in exec_module
  File "<frozen importlib._bootstrap>", line 219, in _call_with_frames_removed
  File "/opt/airflow/dags/accident_etl_dag.py", line 5, in <module>
    import pymysql
ModuleNotFoundError: No module named 'pymysql'
[2026-09-05T08:11:27.983+0000] {processor.py:842} WARNING - No viable dags retrieved from /opt/airflow/dags/accident_etl_dag.py
[2026-09-05T08:11:27.998+0000] {processor.py:183} INFO - Processing /opt/airflow/dags/accident_etl_dag.py took 0.253 seconds
[2026-09-05T08:11:58.154+0000] {processor.py:161} INFO - Started process (PID=36) to work on /opt/airflow/dags/accident_etl_dag.py
[2026-09-05T08:11:58.156+0000] {processor.py:830} INFO - Processing file /opt/airflow/dags/accident_etl_dag.py for tasks to queue
[2026-09-05T08:11:58.158+0000] {logging_mixin.py:188} INFO - [2026-09-05T08:11:58.157+0000] {dagbag.py:538} INFO - Filling up the DagBag from /opt/airflow/dags/accident_etl_dag.py
[2026-09-05T08:11:58.430+0000] {logging_mixin.py:188} INFO - [2026-09-05T08:11:58.428+0000] {dagbag.py:348} ERROR - Failed to import: /opt/airflow/dags/accident_etl_dag.py
Traceback (most recent call last):
  File "/home/airflow/.local/lib/python3.8/site-packages/airflow/models/dagbag.py", line 344, in parse
    loader.exec_module(new_module)
  File "<frozen importlib._bootstrap_external>", line 843, in exec_module
  File "<frozen importlib._bootstrap>", line 219, in _call_with_frames_removed
  File "/opt/airflow/dags/accident_etl_dag.py", line 5, in <module>
    import pymysql
ModuleNotFoundError: No module named 'pymysql'
[2026-09-05T08:11:58.430+0000] {processor.py:842} WARNING - No viable dags retrieved from /opt/airflow/dags/accident_etl_dag.py
[2026-09-05T08:11:58.448+0000] {processor.py:183} INFO - Processing /opt/airflow/dags/accident_etl_dag.py took 0.297 seconds
[2026-09-05T08:12:28.573+0000] {processor.py:161} INFO - Started process (PID=38) to work on /opt/airflow/dags/accident_etl_dag.py
[2026-09-05T08:12:28.574+0000] {processor.py:830} INFO - Processing file /opt/airflow/dags/accident_etl_dag.py for tasks to queue
[2026-09-05T08:12:28.576+0000] {logging_mixin.py:188} INFO - [2026-09-05T08:12:28.576+0000] {dagbag.py:538} INFO - Filling up the DagBag from /opt/airflow/dags/accident_etl_dag.py
[2026-09-05T08:12:28.991+0000] {logging_mixin.py:188} INFO - [2026-09-05T08:12:28.990+0000] {dagbag.py:348} ERROR - Failed to import: /opt/airflow/dags/accident_etl_dag.py
Traceback (most recent call last):
  File "/home/airflow/.local/lib/python3.8/site-packages/airflow/models/dagbag.py", line 344, in parse
    loader.exec_module(new_module)
  File "<frozen importlib._bootstrap_external>", line 843, in exec_module
  File "<frozen importlib._bootstrap>", line 219, in _call_with_frames_removed
  File "/opt/airflow/dags/accident_etl_dag.py", line 5, in <module>
    import pymysql
ModuleNotFoundError: No module named 'pymysql'
[2026-09-05T08:12:28.991+0000] {processor.py:842} WARNING - No viable dags retrieved from /opt/airflow/dags/accident_etl_dag.py
[2026-09-05T08:12:29.010+0000] {processor.py:183} INFO - Processing /opt/airflow/dags/accident_etl_dag.py took 0.440 seconds
[2026-09-05T08:12:59.153+0000] {processor.py:161} INFO - Started process (PID=40) to work on /opt/airflow/dags/accident_etl_dag.py
[2026-09-05T08:12:59.154+0000] {processor.py:830} INFO - Processing file /opt/airflow/dags/accident_etl_dag.py for tasks to queue
[2026-09-05T08:12:59.155+0000] {logging_mixin.py:188} INFO - [2026-09-05T08:12:59.155+0000] {dagbag.py:538} INFO - Filling up the DagBag from /opt/airflow/dags/accident_etl_dag.py
[2026-09-05T08:12:59.576+0000] {logging_mixin.py:188} INFO - [2026-09-05T08:12:59.575+0000] {dagbag.py:348} ERROR - Failed to import: /opt/airflow/dags/accident_etl_dag.py
Traceback (most recent call last):
  File "/home/airflow/.local/lib/python3.8/site-packages/airflow/models/dagbag.py", line 344, in parse
    loader.exec_module(new_module)
  File "<frozen importlib._bootstrap_external>", line 843, in exec_module
  File "<frozen importlib._bootstrap>", line 219, in _call_with_frames_removed
  File "/opt/airflow/dags/accident_etl_dag.py", line 5, in <module>
    import pymysql
ModuleNotFoundError: No module named 'pymysql'
[2026-09-05T08:12:59.576+0000] {processor.py:842} WARNING - No viable dags retrieved from /opt/airflow/dags/accident_etl_dag.py
[2026-09-05T08:12:59.591+0000] {processor.py:183} INFO - Processing /opt/airflow/dags/accident_etl_dag.py took 0.441 seconds
[2026-09-05T08:13:29.727+0000] {processor.py:161} INFO - Started process (PID=42) to work on /opt/airflow/dags/accident_etl_dag.py
[2026-09-05T08:13:29.728+0000] {processor.py:830} INFO - Processing file /opt/airflow/dags/accident_etl_dag.py for tasks to queue
[2026-09-05T08:13:29.729+0000] {logging_mixin.py:188} INFO - [2026-09-05T08:13:29.729+0000] {dagbag.py:538} INFO - Filling up the DagBag from /opt/airflow/dags/accident_etl_dag.py
[2026-09-05T08:13:29.962+0000] {logging_mixin.py:188} INFO - [2026-09-05T08:13:29.961+0000] {dagbag.py:348} ERROR - Failed to import: /opt/airflow/dags/accident_etl_dag.py
Traceback (most recent call last):
  File "/home/airflow/.local/lib/python3.8/site-packages/airflow/models/dagbag.py", line 344, in parse
    loader.exec_module(new_module)
  File "<frozen importlib._bootstrap_external>", line 843, in exec_module
  File "<frozen importlib._bootstrap>", line 219, in _call_with_frames_removed
  File "/opt/airflow/dags/accident_etl_dag.py", line 5, in <module>
    import pymysql
ModuleNotFoundError: No module named 'pymysql'
[2026-09-05T08:13:29.962+0000] {processor.py:842} WARNING - No viable dags retrieved from /opt/airflow/dags/accident_etl_dag.py
[2026-09-05T08:13:29.978+0000] {processor.py:183} INFO - Processing /opt/airflow/dags/accident_etl_dag.py took 0.254 seconds
[2026-09-05T08:14:00.101+0000] {processor.py:161} INFO - Started process (PID=44) to work on /opt/airflow/dags/accident_etl_dag.py
[2026-09-05T08:14:00.101+0000] {processor.py:830} INFO - Processing file /opt/airflow/dags/accident_etl_dag.py for tasks to queue
[2026-09-05T08:14:00.103+0000] {logging_mixin.py:188} INFO - [2026-09-05T08:14:00.103+0000] {dagbag.py:538} INFO - Filling up the DagBag from /opt/airflow/dags/accident_etl_dag.py
[2026-09-05T08:14:00.342+0000] {logging_mixin.py:188} INFO - [2026-09-05T08:14:00.341+0000] {dagbag.py:348} ERROR - Failed to import: /opt/airflow/dags/accident_etl_dag.py
Traceback (most recent call last):
  File "/home/airflow/.local/lib/python3.8/site-packages/airflow/models/dagbag.py", line 344, in parse
    loader.exec_module(new_module)
  File "<frozen importlib._bootstrap_external>", line 843, in exec_module
  File "<frozen importlib._bootstrap>", line 219, in _call_with_frames_removed
  File "/opt/airflow/dags/accident_etl_dag.py", line 5, in <module>
    import pymysql
ModuleNotFoundError: No module named 'pymysql'
[2026-09-05T08:14:00.343+0000] {processor.py:842} WARNING - No viable dags retrieved from /opt/airflow/dags/accident_etl_dag.py
[2026-09-05T08:14:00.360+0000] {processor.py:183} INFO - Processing /opt/airflow/dags/accident_etl_dag.py took 0.263 seconds
[2026-09-05T08:14:30.484+0000] {processor.py:161} INFO - Started process (PID=46) to work on /opt/airflow/dags/accident_etl_dag.py
[2026-09-05T08:14:30.485+0000] {processor.py:830} INFO - Processing file /opt/airflow/dags/accident_etl_dag.py for tasks to queue
[2026-09-05T08:14:30.486+0000] {logging_mixin.py:188} INFO - [2026-09-05T08:14:30.486+0000] {dagbag.py:538} INFO - Filling up the DagBag from /opt/airflow/dags/accident_etl_dag.py
[2026-09-05T08:14:30.866+0000] {logging_mixin.py:188} INFO - [2026-09-05T08:14:30.865+0000] {dagbag.py:348} ERROR - Failed to import: /opt/airflow/dags/accident_etl_dag.py
Traceback (most recent call last):
  File "/home/airflow/.local/lib/python3.8/site-packages/airflow/models/dagbag.py", line 344, in parse
    loader.exec_module(new_module)
  File "<frozen importlib._bootstrap_external>", line 843, in exec_module
  File "<frozen importlib._bootstrap>", line 219, in _call_with_frames_removed
  File "/opt/airflow/dags/accident_etl_dag.py", line 5, in <module>
    import pymysql
ModuleNotFoundError: No module named 'pymysql'
[2026-09-05T08:14:30.867+0000] {processor.py:842} WARNING - No viable dags retrieved from /opt/airflow/dags/accident_etl_dag.py
[2026-09-05T08:14:30.882+0000] {processor.py:183} INFO - Processing /opt/airflow/dags/accident_etl_dag.py took 0.400 seconds
[2026-09-05T08:15:01.055+0000] {processor.py:161} INFO - Started process (PID=48) to work on /opt/airflow/dags/accident_etl_dag.py
[2026-09-05T08:15:01.057+0000] {processor.py:830} INFO - Processing file /opt/airflow/dags/accident_etl_dag.py for tasks to queue
[2026-09-05T08:15:01.059+0000] {logging_mixin.py:188} INFO - [2026-09-05T08:15:01.058+0000] {dagbag.py:538} INFO - Filling up the DagBag from /opt/airflow/dags/accident_etl_dag.py
[2026-09-05T08:15:02.035+0000] {logging_mixin.py:188} INFO - [2026-09-05T08:15:02.034+0000] {dagbag.py:348} ERROR - Failed to import: /opt/airflow/dags/accident_etl_dag.py
Traceback (most recent call last):
  File "/home/airflow/.local/lib/python3.8/site-packages/airflow/models/dagbag.py", line 344, in parse
    loader.exec_module(new_module)
  File "<frozen importlib._bootstrap_external>", line 843, in exec_module
  File "<frozen importlib._bootstrap>", line 219, in _call_with_frames_removed
  File "/opt/airflow/dags/accident_etl_dag.py", line 5, in <module>
    import pymysql
ModuleNotFoundError: No module named 'pymysql'
[2026-09-05T08:15:02.036+0000] {processor.py:842} WARNING - No viable dags retrieved from /opt/airflow/dags/accident_etl_dag.py
[2026-09-05T08:15:02.589+0000] {processor.py:183} INFO - Processing /opt/airflow/dags/accident_etl_dag.py took 1.538 seconds
[2026-09-05T08:15:32.792+0000] {processor.py:161} INFO - Started process (PID=50) to work on /opt/airflow/dags/accident_etl_dag.py
[2026-09-05T08:15:32.793+0000] {processor.py:830} INFO - Processing file /opt/airflow/dags/accident_etl_dag.py for tasks to queue
[2026-09-05T08:15:32.794+0000] {logging_mixin.py:188} INFO - [2026-09-05T08:15:32.794+0000] {dagbag.py:538} INFO - Filling up the DagBag from /opt/airflow/dags/accident_etl_dag.py
[2026-09-05T08:15:33.130+0000] {logging_mixin.py:188} INFO - [2026-09-05T08:15:33.129+0000] {dagbag.py:348} ERROR - Failed to import: /opt/airflow/dags/accident_etl_dag.py
Traceback (most recent call last):
  File "/home/airflow/.local/lib/python3.8/site-packages/airflow/models/dagbag.py", line 344, in parse
    loader.exec_module(new_module)
  File "<frozen importlib._bootstrap_external>", line 843, in exec_module
  File "<frozen importlib._bootstrap>", line 219, in _call_with_frames_removed
  File "/opt/airflow/dags/accident_etl_dag.py", line 5, in <module>
    import pymysql
ModuleNotFoundError: No module named 'pymysql'
[2026-09-05T08:15:33.131+0000] {processor.py:842} WARNING - No viable dags retrieved from /opt/airflow/dags/accident_etl_dag.py
[2026-09-05T08:15:33.156+0000] {processor.py:183} INFO - Processing /opt/airflow/dags/accident_etl_dag.py took 0.367 seconds
[2026-09-05T08:16:03.306+0000] {processor.py:161} INFO - Started process (PID=52) to work on /opt/airflow/dags/accident_etl_dag.py
[2026-09-05T08:16:03.307+0000] {processor.py:830} INFO - Processing file /opt/airflow/dags/accident_etl_dag.py for tasks to queue
[2026-09-05T08:16:03.309+0000] {logging_mixin.py:188} INFO - [2026-09-05T08:16:03.308+0000] {dagbag.py:538} INFO - Filling up the DagBag from /opt/airflow/dags/accident_etl_dag.py
[2026-09-05T08:16:03.715+0000] {logging_mixin.py:188} INFO - [2026-09-05T08:16:03.714+0000] {dagbag.py:348} ERROR - Failed to import: /opt/airflow/dags/accident_etl_dag.py
Traceback (most recent call last):
  File "/home/airflow/.local/lib/python3.8/site-packages/airflow/models/dagbag.py", line 344, in parse
    loader.exec_module(new_module)
  File "<frozen importlib._bootstrap_external>", line 843, in exec_module
  File "<frozen importlib._bootstrap>", line 219, in _call_with_frames_removed
  File "/opt/airflow/dags/accident_etl_dag.py", line 5, in <module>
    import pymysql
ModuleNotFoundError: No module named 'pymysql'
[2026-09-05T08:16:03.715+0000] {processor.py:842} WARNING - No viable dags retrieved from /opt/airflow/dags/accident_etl_dag.py
[2026-09-05T08:16:03.729+0000] {processor.py:183} INFO - Processing /opt/airflow/dags/accident_etl_dag.py took 0.427 seconds
[2026-09-05T08:16:33.975+0000] {processor.py:161} INFO - Started process (PID=54) to work on /opt/airflow/dags/accident_etl_dag.py
[2026-09-05T08:16:33.977+0000] {processor.py:830} INFO - Processing file /opt/airflow/dags/accident_etl_dag.py for tasks to queue
[2026-09-05T08:16:33.981+0000] {logging_mixin.py:188} INFO - [2026-09-05T08:16:33.980+0000] {dagbag.py:538} INFO - Filling up the DagBag from /opt/airflow/dags/accident_etl_dag.py
[2026-09-05T08:16:34.825+0000] {logging_mixin.py:188} INFO - [2026-09-05T08:16:34.823+0000] {dagbag.py:348} ERROR - Failed to import: /opt/airflow/dags/accident_etl_dag.py
Traceback (most recent call last):
  File "/home/airflow/.local/lib/python3.8/site-packages/airflow/models/dagbag.py", line 344, in parse
    loader.exec_module(new_module)
  File "<frozen importlib._bootstrap_external>", line 843, in exec_module
  File "<frozen importlib._bootstrap>", line 219, in _call_with_frames_removed
  File "/opt/airflow/dags/accident_etl_dag.py", line 5, in <module>
    import pymysql
ModuleNotFoundError: No module named 'pymysql'
[2026-09-05T08:16:34.827+0000] {processor.py:842} WARNING - No viable dags retrieved from /opt/airflow/dags/accident_etl_dag.py
[2026-09-05T08:16:34.901+0000] {processor.py:183} INFO - Processing /opt/airflow/dags/accident_etl_dag.py took 0.935 seconds
[2026-09-05T08:17:05.123+0000] {processor.py:161} INFO - Started process (PID=56) to work on /opt/airflow/dags/accident_etl_dag.py
[2026-09-05T08:17:05.126+0000] {processor.py:830} INFO - Processing file /opt/airflow/dags/accident_etl_dag.py for tasks to queue
[2026-09-05T08:17:05.128+0000] {logging_mixin.py:188} INFO - [2026-09-05T08:17:05.128+0000] {dagbag.py:538} INFO - Filling up the DagBag from /opt/airflow/dags/accident_etl_dag.py
[2026-09-05T08:17:05.592+0000] {logging_mixin.py:188} INFO - [2026-09-05T08:17:05.590+0000] {dagbag.py:348} ERROR - Failed to import: /opt/airflow/dags/accident_etl_dag.py
Traceback (most recent call last):
  File "/home/airflow/.local/lib/python3.8/site-packages/airflow/models/dagbag.py", line 344, in parse
    loader.exec_module(new_module)
  File "<frozen importlib._bootstrap_external>", line 843, in exec_module
  File "<frozen importlib._bootstrap>", line 219, in _call_with_frames_removed
  File "/opt/airflow/dags/accident_etl_dag.py", line 5, in <module>
    import pymysql
ModuleNotFoundError: No module named 'pymysql'
[2026-09-05T08:17:05.592+0000] {processor.py:842} WARNING - No viable dags retrieved from /opt/airflow/dags/accident_etl_dag.py
[2026-09-05T08:17:05.615+0000] {processor.py:183} INFO - Processing /opt/airflow/dags/accident_etl_dag.py took 0.496 seconds
[2026-09-05T08:18:07.982+0000] {processor.py:161} INFO - Started process (PID=161) to work on /opt/airflow/dags/accident_etl_dag.py
[2026-09-05T08:18:07.986+0000] {processor.py:830} INFO - Processing file /opt/airflow/dags/accident_etl_dag.py for tasks to queue
[2026-09-05T08:18:07.989+0000] {logging_mixin.py:188} INFO - [2026-09-05T08:18:07.989+0000] {dagbag.py:538} INFO - Filling up the DagBag from /opt/airflow/dags/accident_etl_dag.py
[2026-09-05T08:18:10.747+0000] {processor.py:840} INFO - DAG(s) 'road_accident_risk_pipeline' retrieved from /opt/airflow/dags/accident_etl_dag.py
[2026-09-05T08:18:11.591+0000] {logging_mixin.py:188} INFO - [2026-09-05T08:18:11.591+0000] {dag.py:3036} INFO - Sync 1 DAGs
[2026-09-05T08:18:11.618+0000] {logging_mixin.py:188} INFO - [2026-09-05T08:18:11.618+0000] {dag.py:3823} INFO - Setting next_dagrun for road_accident_risk_pipeline to 2026-08-24 08:00:00+00:00, run_after=2026-08-31 08:00:00+00:00
[2026-09-05T08:18:11.666+0000] {processor.py:183} INFO - Processing /opt/airflow/dags/accident_etl_dag.py took 3.700 seconds
[2026-09-05T08:18:41.850+0000] {processor.py:161} INFO - Started process (PID=168) to work on /opt/airflow/dags/accident_etl_dag.py
[2026-09-05T08:18:41.851+0000] {processor.py:830} INFO - Processing file /opt/airflow/dags/accident_etl_dag.py for tasks to queue
[2026-09-05T08:18:41.852+0000] {logging_mixin.py:188} INFO - [2026-09-05T08:18:41.851+0000] {dagbag.py:538} INFO - Filling up the DagBag from /opt/airflow/dags/accident_etl_dag.py
[2026-09-05T08:18:42.263+0000] {processor.py:840} INFO - DAG(s) 'road_accident_risk_pipeline' retrieved from /opt/airflow/dags/accident_etl_dag.py
[2026-09-05T08:18:42.286+0000] {logging_mixin.py:188} INFO - [2026-09-05T08:18:42.286+0000] {dag.py:3036} INFO - Sync 1 DAGs
[2026-09-05T08:18:42.306+0000] {logging_mixin.py:188} INFO - [2026-09-05T08:18:42.306+0000] {dag.py:3823} INFO - Setting next_dagrun for road_accident_risk_pipeline to 2026-08-24 08:00:00+00:00, run_after=2026-08-31 08:00:00+00:00
[2026-09-05T08:18:42.322+0000] {processor.py:183} INFO - Processing /opt/airflow/dags/accident_etl_dag.py took 0.475 seconds
[2026-09-05T08:19:12.371+0000] {processor.py:161} INFO - Started process (PID=174) to work on /opt/airflow/dags/accident_etl_dag.py
[2026-09-05T08:19:12.372+0000] {processor.py:830} INFO - Processing file /opt/airflow/dags/accident_etl_dag.py for tasks to queue
[2026-09-05T08:19:12.373+0000] {logging_mixin.py:188} INFO - [2026-09-05T08:19:12.372+0000] {dagbag.py:538} INFO - Filling up the DagBag from /opt/airflow/dags/accident_etl_dag.py
[2026-09-05T08:19:12.696+0000] {processor.py:840} INFO - DAG(s) 'road_accident_risk_pipeline' retrieved from /opt/airflow/dags/accident_etl_dag.py
[2026-09-05T08:19:12.717+0000] {logging_mixin.py:188} INFO - [2026-09-05T08:19:12.717+0000] {dag.py:3036} INFO - Sync 1 DAGs
[2026-09-05T08:19:12.740+0000] {logging_mixin.py:188} INFO - [2026-09-05T08:19:12.740+0000] {dag.py:3823} INFO - Setting next_dagrun for road_accident_risk_pipeline to 2026-08-24 08:00:00+00:00, run_after=2026-08-31 08:00:00+00:00
[2026-09-05T08:19:12.756+0000] {processor.py:183} INFO - Processing /opt/airflow/dags/accident_etl_dag.py took 0.388 seconds
[2026-09-05T08:19:42.897+0000] {processor.py:161} INFO - Started process (PID=180) to work on /opt/airflow/dags/accident_etl_dag.py
[2026-09-05T08:19:42.899+0000] {processor.py:830} INFO - Processing file /opt/airflow/dags/accident_etl_dag.py for tasks to queue
[2026-09-05T08:19:42.900+0000] {logging_mixin.py:188} INFO - [2026-09-05T08:19:42.900+0000] {dagbag.py:538} INFO - Filling up the DagBag from /opt/airflow/dags/accident_etl_dag.py
[2026-09-05T08:19:43.217+0000] {processor.py:840} INFO - DAG(s) 'road_accident_risk_pipeline' retrieved from /opt/airflow/dags/accident_etl_dag.py
[2026-09-05T08:19:43.241+0000] {logging_mixin.py:188} INFO - [2026-09-05T08:19:43.241+0000] {dag.py:3036} INFO - Sync 1 DAGs
[2026-09-05T08:19:43.263+0000] {logging_mixin.py:188} INFO - [2026-09-05T08:19:43.263+0000] {dag.py:3823} INFO - Setting next_dagrun for road_accident_risk_pipeline to 2026-08-24 08:00:00+00:00, run_after=2026-08-31 08:00:00+00:00
[2026-09-05T08:19:43.279+0000] {processor.py:183} INFO - Processing /opt/airflow/dags/accident_etl_dag.py took 0.386 seconds
[2026-09-05T08:20:13.464+0000] {processor.py:161} INFO - Started process (PID=189) to work on /opt/airflow/dags/accident_etl_dag.py
[2026-09-05T08:20:13.465+0000] {processor.py:830} INFO - Processing file /opt/airflow/dags/accident_etl_dag.py for tasks to queue
[2026-09-05T08:20:13.467+0000] {logging_mixin.py:188} INFO - [2026-09-05T08:20:13.466+0000] {dagbag.py:538} INFO - Filling up the DagBag from /opt/airflow/dags/accident_etl_dag.py
[2026-09-05T08:20:13.805+0000] {processor.py:840} INFO - DAG(s) 'road_accident_risk_pipeline' retrieved from /opt/airflow/dags/accident_etl_dag.py
[2026-09-05T08:20:13.829+0000] {logging_mixin.py:188} INFO - [2026-09-05T08:20:13.829+0000] {dag.py:3036} INFO - Sync 1 DAGs
[2026-09-05T08:20:13.850+0000] {logging_mixin.py:188} INFO - [2026-09-05T08:20:13.849+0000] {dag.py:3823} INFO - Setting next_dagrun for road_accident_risk_pipeline to 2026-08-31 08:00:00+00:00, run_after=2026-09-07 08:00:00+00:00
[2026-09-05T08:20:13.865+0000] {processor.py:183} INFO - Processing /opt/airflow/dags/accident_etl_dag.py took 0.405 seconds
[2026-09-05T08:20:43.995+0000] {processor.py:161} INFO - Started process (PID=195) to work on /opt/airflow/dags/accident_etl_dag.py
[2026-09-05T08:20:43.996+0000] {processor.py:830} INFO - Processing file /opt/airflow/dags/accident_etl_dag.py for tasks to queue
[2026-09-05T08:20:43.997+0000] {logging_mixin.py:188} INFO - [2026-09-05T08:20:43.997+0000] {dagbag.py:538} INFO - Filling up the DagBag from /opt/airflow/dags/accident_etl_dag.py
[2026-09-05T08:20:44.297+0000] {processor.py:840} INFO - DAG(s) 'road_accident_risk_pipeline' retrieved from /opt/airflow/dags/accident_etl_dag.py
[2026-09-05T08:20:44.320+0000] {logging_mixin.py:188} INFO - [2026-09-05T08:20:44.320+0000] {dag.py:3036} INFO - Sync 1 DAGs
[2026-09-05T08:20:44.341+0000] {logging_mixin.py:188} INFO - [2026-09-05T08:20:44.341+0000] {dag.py:3823} INFO - Setting next_dagrun for road_accident_risk_pipeline to 2026-08-31 08:00:00+00:00, run_after=2026-09-07 08:00:00+00:00
[2026-09-05T08:20:44.356+0000] {processor.py:183} INFO - Processing /opt/airflow/dags/accident_etl_dag.py took 0.363 seconds
[2026-09-05T08:21:14.508+0000] {processor.py:161} INFO - Started process (PID=204) to work on /opt/airflow/dags/accident_etl_dag.py
[2026-09-05T08:21:14.509+0000] {processor.py:830} INFO - Processing file /opt/airflow/dags/accident_etl_dag.py for tasks to queue
[2026-09-05T08:21:14.510+0000] {logging_mixin.py:188} INFO - [2026-09-05T08:21:14.509+0000] {dagbag.py:538} INFO - Filling up the DagBag from /opt/airflow/dags/accident_etl_dag.py
[2026-09-05T08:21:14.818+0000] {processor.py:840} INFO - DAG(s) 'road_accident_risk_pipeline' retrieved from /opt/airflow/dags/accident_etl_dag.py
[2026-09-05T08:21:14.843+0000] {logging_mixin.py:188} INFO - [2026-09-05T08:21:14.843+0000] {dag.py:3036} INFO - Sync 1 DAGs
[2026-09-05T08:21:14.864+0000] {logging_mixin.py:188} INFO - [2026-09-05T08:21:14.864+0000] {dag.py:3823} INFO - Setting next_dagrun for road_accident_risk_pipeline to 2026-08-31 08:00:00+00:00, run_after=2026-09-07 08:00:00+00:00
[2026-09-05T08:21:14.884+0000] {processor.py:183} INFO - Processing /opt/airflow/dags/accident_etl_dag.py took 0.379 seconds
[2026-09-05T08:21:45.030+0000] {processor.py:161} INFO - Started process (PID=210) to work on /opt/airflow/dags/accident_etl_dag.py
[2026-09-05T08:21:45.031+0000] {processor.py:830} INFO - Processing file /opt/airflow/dags/accident_etl_dag.py for tasks to queue
[2026-09-05T08:21:45.031+0000] {logging_mixin.py:188} INFO - [2026-09-05T08:21:45.031+0000] {dagbag.py:538} INFO - Filling up the DagBag from /opt/airflow/dags/accident_etl_dag.py
[2026-09-05T08:21:45.314+0000] {processor.py:840} INFO - DAG(s) 'road_accident_risk_pipeline' retrieved from /opt/airflow/dags/accident_etl_dag.py
[2026-09-05T08:21:45.346+0000] {logging_mixin.py:188} INFO - [2026-09-05T08:21:45.346+0000] {dag.py:3036} INFO - Sync 1 DAGs
[2026-09-05T08:21:45.376+0000] {logging_mixin.py:188} INFO - [2026-09-05T08:21:45.376+0000] {dag.py:3823} INFO - Setting next_dagrun for road_accident_risk_pipeline to 2026-08-31 08:00:00+00:00, run_after=2026-09-07 08:00:00+00:00
[2026-09-05T08:21:45.399+0000] {processor.py:183} INFO - Processing /opt/airflow/dags/accident_etl_dag.py took 0.372 seconds
[2026-09-05T08:22:15.554+0000] {processor.py:161} INFO - Started process (PID=216) to work on /opt/airflow/dags/accident_etl_dag.py
[2026-09-05T08:22:15.555+0000] {processor.py:830} INFO - Processing file /opt/airflow/dags/accident_etl_dag.py for tasks to queue
[2026-09-05T08:22:15.556+0000] {logging_mixin.py:188} INFO - [2026-09-05T08:22:15.556+0000] {dagbag.py:538} INFO - Filling up the DagBag from /opt/airflow/dags/accident_etl_dag.py
[2026-09-05T08:22:15.804+0000] {processor.py:840} INFO - DAG(s) 'road_accident_risk_pipeline' retrieved from /opt/airflow/dags/accident_etl_dag.py
[2026-09-05T08:22:15.827+0000] {logging_mixin.py:188} INFO - [2026-09-05T08:22:15.827+0000] {dag.py:3036} INFO - Sync 1 DAGs
[2026-09-05T08:22:15.848+0000] {logging_mixin.py:188} INFO - [2026-09-05T08:22:15.847+0000] {dag.py:3823} INFO - Setting next_dagrun for road_accident_risk_pipeline to 2026-08-31 08:00:00+00:00, run_after=2026-09-07 08:00:00+00:00
[2026-09-05T08:22:15.864+0000] {processor.py:183} INFO - Processing /opt/airflow/dags/accident_etl_dag.py took 0.313 seconds
[2026-09-05T08:22:45.992+0000] {processor.py:161} INFO - Started process (PID=222) to work on /opt/airflow/dags/accident_etl_dag.py
[2026-09-05T08:22:45.993+0000] {processor.py:830} INFO - Processing file /opt/airflow/dags/accident_etl_dag.py for tasks to queue
[2026-09-05T08:22:45.994+0000] {logging_mixin.py:188} INFO - [2026-09-05T08:22:45.994+0000] {dagbag.py:538} INFO - Filling up the DagBag from /opt/airflow/dags/accident_etl_dag.py
[2026-09-05T08:22:46.397+0000] {processor.py:840} INFO - DAG(s) 'road_accident_risk_pipeline' retrieved from /opt/airflow/dags/accident_etl_dag.py
[2026-09-05T08:22:46.421+0000] {logging_mixin.py:188} INFO - [2026-09-05T08:22:46.420+0000] {dag.py:3036} INFO - Sync 1 DAGs
[2026-09-05T08:22:46.446+0000] {logging_mixin.py:188} INFO - [2026-09-05T08:22:46.446+0000] {dag.py:3823} INFO - Setting next_dagrun for road_accident_risk_pipeline to 2026-08-31 08:00:00+00:00, run_after=2026-09-07 08:00:00+00:00
[2026-09-05T08:22:46.461+0000] {processor.py:183} INFO - Processing /opt/airflow/dags/accident_etl_dag.py took 0.472 seconds
[2026-09-05T08:23:16.606+0000] {processor.py:161} INFO - Started process (PID=231) to work on /opt/airflow/dags/accident_etl_dag.py
[2026-09-05T08:23:16.607+0000] {processor.py:830} INFO - Processing file /opt/airflow/dags/accident_etl_dag.py for tasks to queue
[2026-09-05T08:23:16.608+0000] {logging_mixin.py:188} INFO - [2026-09-05T08:23:16.608+0000] {dagbag.py:538} INFO - Filling up the DagBag from /opt/airflow/dags/accident_etl_dag.py
[2026-09-05T08:23:16.890+0000] {processor.py:840} INFO - DAG(s) 'road_accident_risk_pipeline' retrieved from /opt/airflow/dags/accident_etl_dag.py
[2026-09-05T08:23:16.914+0000] {logging_mixin.py:188} INFO - [2026-09-05T08:23:16.914+0000] {dag.py:3036} INFO - Sync 1 DAGs
[2026-09-05T08:23:16.938+0000] {logging_mixin.py:188} INFO - [2026-09-05T08:23:16.938+0000] {dag.py:3823} INFO - Setting next_dagrun for road_accident_risk_pipeline to 2026-08-31 08:00:00+00:00, run_after=2026-09-07 08:00:00+00:00
[2026-09-05T08:23:16.959+0000] {processor.py:183} INFO - Processing /opt/airflow/dags/accident_etl_dag.py took 0.356 seconds
[2026-09-05T08:23:43.076+0000] {processor.py:161} INFO - Started process (PID=237) to work on /opt/airflow/dags/accident_etl_dag.py
[2026-09-05T08:23:43.077+0000] {processor.py:830} INFO - Processing file /opt/airflow/dags/accident_etl_dag.py for tasks to queue
[2026-09-05T08:23:43.078+0000] {logging_mixin.py:188} INFO - [2026-09-05T08:23:43.077+0000] {dagbag.py:538} INFO - Filling up the DagBag from /opt/airflow/dags/accident_etl_dag.py
[2026-09-05T08:23:43.082+0000] {logging_mixin.py:188} INFO - [2026-09-05T08:23:43.080+0000] {dagbag.py:348} ERROR - Failed to import: /opt/airflow/dags/accident_etl_dag.py
Traceback (most recent call last):
  File "/home/airflow/.local/lib/python3.8/site-packages/airflow/models/dagbag.py", line 344, in parse
    loader.exec_module(new_module)
  File "<frozen importlib._bootstrap_external>", line 839, in exec_module
  File "<frozen importlib._bootstrap_external>", line 976, in get_code
  File "<frozen importlib._bootstrap_external>", line 906, in source_to_code
  File "<frozen importlib._bootstrap>", line 219, in _call_with_frames_removed
  File "/opt/airflow/dags/accident_etl_dag.py", line 15
    RAW_DATA_PATH = "/opt/airflow/dags/dataset/data_2026.csv"CLEAN_DATA_PATH = os.path.join(BASE_DIR, 'dataset', 'cleaned_accident_data_2026.csv')
                                                             ^
SyntaxError: invalid syntax
[2026-09-05T08:23:43.082+0000] {processor.py:842} WARNING - No viable dags retrieved from /opt/airflow/dags/accident_etl_dag.py
[2026-09-05T08:23:43.100+0000] {processor.py:183} INFO - Processing /opt/airflow/dags/accident_etl_dag.py took 0.027 seconds
[2026-09-05T08:23:45.093+0000] {processor.py:161} INFO - Started process (PID=242) to work on /opt/airflow/dags/accident_etl_dag.py
[2026-09-05T08:23:45.094+0000] {processor.py:830} INFO - Processing file /opt/airflow/dags/accident_etl_dag.py for tasks to queue
[2026-09-05T08:23:45.095+0000] {logging_mixin.py:188} INFO - [2026-09-05T08:23:45.095+0000] {dagbag.py:538} INFO - Filling up the DagBag from /opt/airflow/dags/accident_etl_dag.py
[2026-09-05T08:23:45.402+0000] {processor.py:840} INFO - DAG(s) 'road_accident_risk_pipeline' retrieved from /opt/airflow/dags/accident_etl_dag.py
[2026-09-05T08:23:45.436+0000] {logging_mixin.py:188} INFO - [2026-09-05T08:23:45.436+0000] {dag.py:3036} INFO - Sync 1 DAGs
[2026-09-05T08:23:45.469+0000] {logging_mixin.py:188} INFO - [2026-09-05T08:23:45.469+0000] {dag.py:3823} INFO - Setting next_dagrun for road_accident_risk_pipeline to 2026-08-31 08:00:00+00:00, run_after=2026-09-07 08:00:00+00:00
[2026-09-05T08:23:45.494+0000] {processor.py:183} INFO - Processing /opt/airflow/dags/accident_etl_dag.py took 0.404 seconds
[2026-09-05T08:24:15.641+0000] {processor.py:161} INFO - Started process (PID=251) to work on /opt/airflow/dags/accident_etl_dag.py
[2026-09-05T08:24:15.641+0000] {processor.py:830} INFO - Processing file /opt/airflow/dags/accident_etl_dag.py for tasks to queue
[2026-09-05T08:24:15.642+0000] {logging_mixin.py:188} INFO - [2026-09-05T08:24:15.642+0000] {dagbag.py:538} INFO - Filling up the DagBag from /opt/airflow/dags/accident_etl_dag.py
[2026-09-05T08:24:15.898+0000] {processor.py:840} INFO - DAG(s) 'road_accident_risk_pipeline' retrieved from /opt/airflow/dags/accident_etl_dag.py
[2026-09-05T08:24:15.922+0000] {logging_mixin.py:188} INFO - [2026-09-05T08:24:15.921+0000] {dag.py:3036} INFO - Sync 1 DAGs
[2026-09-05T08:24:15.942+0000] {logging_mixin.py:188} INFO - [2026-09-05T08:24:15.942+0000] {dag.py:3823} INFO - Setting next_dagrun for road_accident_risk_pipeline to 2026-08-31 08:00:00+00:00, run_after=2026-09-07 08:00:00+00:00
[2026-09-05T08:24:15.959+0000] {processor.py:183} INFO - Processing /opt/airflow/dags/accident_etl_dag.py took 0.322 seconds
[2026-09-05T08:24:46.093+0000] {processor.py:161} INFO - Started process (PID=257) to work on /opt/airflow/dags/accident_etl_dag.py
[2026-09-05T08:24:46.094+0000] {processor.py:830} INFO - Processing file /opt/airflow/dags/accident_etl_dag.py for tasks to queue
[2026-09-05T08:24:46.095+0000] {logging_mixin.py:188} INFO - [2026-09-05T08:24:46.095+0000] {dagbag.py:538} INFO - Filling up the DagBag from /opt/airflow/dags/accident_etl_dag.py
[2026-09-05T08:24:46.359+0000] {processor.py:840} INFO - DAG(s) 'road_accident_risk_pipeline' retrieved from /opt/airflow/dags/accident_etl_dag.py
[2026-09-05T08:24:46.382+0000] {logging_mixin.py:188} INFO - [2026-09-05T08:24:46.381+0000] {dag.py:3036} INFO - Sync 1 DAGs
[2026-09-05T08:24:46.401+0000] {logging_mixin.py:188} INFO - [2026-09-05T08:24:46.401+0000] {dag.py:3823} INFO - Setting next_dagrun for road_accident_risk_pipeline to 2026-08-31 08:00:00+00:00, run_after=2026-09-07 08:00:00+00:00
[2026-09-05T08:24:46.416+0000] {processor.py:183} INFO - Processing /opt/airflow/dags/accident_etl_dag.py took 0.326 seconds
[2026-09-05T08:25:10.528+0000] {processor.py:161} INFO - Started process (PID=263) to work on /opt/airflow/dags/accident_etl_dag.py
[2026-09-05T08:25:10.529+0000] {processor.py:830} INFO - Processing file /opt/airflow/dags/accident_etl_dag.py for tasks to queue
[2026-09-05T08:25:10.530+0000] {logging_mixin.py:188} INFO - [2026-09-05T08:25:10.530+0000] {dagbag.py:538} INFO - Filling up the DagBag from /opt/airflow/dags/accident_etl_dag.py
[2026-09-05T08:25:10.793+0000] {processor.py:840} INFO - DAG(s) 'road_accident_risk_pipeline' retrieved from /opt/airflow/dags/accident_etl_dag.py
[2026-09-05T08:25:10.818+0000] {logging_mixin.py:188} INFO - [2026-09-05T08:25:10.817+0000] {dag.py:3036} INFO - Sync 1 DAGs
[2026-09-05T08:25:10.838+0000] {logging_mixin.py:188} INFO - [2026-09-05T08:25:10.837+0000] {dag.py:3823} INFO - Setting next_dagrun for road_accident_risk_pipeline to 2026-08-31 08:00:00+00:00, run_after=2026-09-07 08:00:00+00:00
[2026-09-05T08:25:10.862+0000] {processor.py:183} INFO - Processing /opt/airflow/dags/accident_etl_dag.py took 0.336 seconds
[2026-09-05T08:25:41.010+0000] {processor.py:161} INFO - Started process (PID=269) to work on /opt/airflow/dags/accident_etl_dag.py
[2026-09-05T08:25:41.010+0000] {processor.py:830} INFO - Processing file /opt/airflow/dags/accident_etl_dag.py for tasks to queue
[2026-09-05T08:25:41.011+0000] {logging_mixin.py:188} INFO - [2026-09-05T08:25:41.011+0000] {dagbag.py:538} INFO - Filling up the DagBag from /opt/airflow/dags/accident_etl_dag.py
[2026-09-05T08:25:41.260+0000] {processor.py:840} INFO - DAG(s) 'road_accident_risk_pipeline' retrieved from /opt/airflow/dags/accident_etl_dag.py
[2026-09-05T08:25:41.285+0000] {logging_mixin.py:188} INFO - [2026-09-05T08:25:41.285+0000] {dag.py:3036} INFO - Sync 1 DAGs
[2026-09-05T08:25:41.306+0000] {logging_mixin.py:188} INFO - [2026-09-05T08:25:41.305+0000] {dag.py:3823} INFO - Setting next_dagrun for road_accident_risk_pipeline to 2026-08-31 08:00:00+00:00, run_after=2026-09-07 08:00:00+00:00
[2026-09-05T08:25:41.321+0000] {processor.py:183} INFO - Processing /opt/airflow/dags/accident_etl_dag.py took 0.314 seconds
[2026-09-05T08:26:11.464+0000] {processor.py:161} INFO - Started process (PID=281) to work on /opt/airflow/dags/accident_etl_dag.py
[2026-09-05T08:26:11.464+0000] {processor.py:830} INFO - Processing file /opt/airflow/dags/accident_etl_dag.py for tasks to queue
[2026-09-05T08:26:11.465+0000] {logging_mixin.py:188} INFO - [2026-09-05T08:26:11.465+0000] {dagbag.py:538} INFO - Filling up the DagBag from /opt/airflow/dags/accident_etl_dag.py
[2026-09-05T08:26:11.871+0000] {processor.py:840} INFO - DAG(s) 'road_accident_risk_pipeline' retrieved from /opt/airflow/dags/accident_etl_dag.py
[2026-09-05T08:26:11.903+0000] {logging_mixin.py:188} INFO - [2026-09-05T08:26:11.903+0000] {dag.py:3036} INFO - Sync 1 DAGs
[2026-09-05T08:26:11.936+0000] {logging_mixin.py:188} INFO - [2026-09-05T08:26:11.936+0000] {dag.py:3823} INFO - Setting next_dagrun for road_accident_risk_pipeline to 2026-08-31 08:00:00+00:00, run_after=2026-09-07 08:00:00+00:00
[2026-09-05T08:26:12.257+0000] {processor.py:183} INFO - Processing /opt/airflow/dags/accident_etl_dag.py took 0.796 seconds
[2026-09-05T08:26:42.390+0000] {processor.py:161} INFO - Started process (PID=290) to work on /opt/airflow/dags/accident_etl_dag.py
[2026-09-05T08:26:42.392+0000] {processor.py:830} INFO - Processing file /opt/airflow/dags/accident_etl_dag.py for tasks to queue
[2026-09-05T08:26:42.392+0000] {logging_mixin.py:188} INFO - [2026-09-05T08:26:42.392+0000] {dagbag.py:538} INFO - Filling up the DagBag from /opt/airflow/dags/accident_etl_dag.py
[2026-09-05T08:26:42.677+0000] {processor.py:840} INFO - DAG(s) 'road_accident_risk_pipeline' retrieved from /opt/airflow/dags/accident_etl_dag.py
[2026-09-05T08:26:42.717+0000] {logging_mixin.py:188} INFO - [2026-09-05T08:26:42.717+0000] {dag.py:3036} INFO - Sync 1 DAGs
[2026-09-05T08:26:42.749+0000] {logging_mixin.py:188} INFO - [2026-09-05T08:26:42.748+0000] {dag.py:3823} INFO - Setting next_dagrun for road_accident_risk_pipeline to 2026-08-31 08:00:00+00:00, run_after=2026-09-07 08:00:00+00:00
[2026-09-05T08:26:42.776+0000] {processor.py:183} INFO - Processing /opt/airflow/dags/accident_etl_dag.py took 0.390 seconds
[2026-09-05T08:27:12.927+0000] {processor.py:161} INFO - Started process (PID=296) to work on /opt/airflow/dags/accident_etl_dag.py
[2026-09-05T08:27:12.928+0000] {processor.py:830} INFO - Processing file /opt/airflow/dags/accident_etl_dag.py for tasks to queue
[2026-09-05T08:27:12.929+0000] {logging_mixin.py:188} INFO - [2026-09-05T08:27:12.929+0000] {dagbag.py:538} INFO - Filling up the DagBag from /opt/airflow/dags/accident_etl_dag.py
[2026-09-05T08:27:13.236+0000] {processor.py:840} INFO - DAG(s) 'road_accident_risk_pipeline' retrieved from /opt/airflow/dags/accident_etl_dag.py
[2026-09-05T08:27:13.258+0000] {logging_mixin.py:188} INFO - [2026-09-05T08:27:13.258+0000] {dag.py:3036} INFO - Sync 1 DAGs
[2026-09-05T08:27:13.287+0000] {logging_mixin.py:188} INFO - [2026-09-05T08:27:13.287+0000] {dag.py:3823} INFO - Setting next_dagrun for road_accident_risk_pipeline to 2026-08-31 08:00:00+00:00, run_after=2026-09-07 08:00:00+00:00
[2026-09-05T08:27:13.309+0000] {processor.py:183} INFO - Processing /opt/airflow/dags/accident_etl_dag.py took 0.385 seconds
[2026-09-05T08:27:37.453+0000] {processor.py:161} INFO - Started process (PID=302) to work on /opt/airflow/dags/accident_etl_dag.py
[2026-09-05T08:27:37.454+0000] {processor.py:830} INFO - Processing file /opt/airflow/dags/accident_etl_dag.py for tasks to queue
[2026-09-05T08:27:37.455+0000] {logging_mixin.py:188} INFO - [2026-09-05T08:27:37.455+0000] {dagbag.py:538} INFO - Filling up the DagBag from /opt/airflow/dags/accident_etl_dag.py
[2026-09-05T08:27:37.723+0000] {processor.py:840} INFO - DAG(s) 'road_accident_risk_pipeline' retrieved from /opt/airflow/dags/accident_etl_dag.py
[2026-09-05T08:27:37.746+0000] {logging_mixin.py:188} INFO - [2026-09-05T08:27:37.746+0000] {dag.py:3036} INFO - Sync 1 DAGs
[2026-09-05T08:27:37.769+0000] {logging_mixin.py:188} INFO - [2026-09-05T08:27:37.769+0000] {dag.py:3823} INFO - Setting next_dagrun for road_accident_risk_pipeline to 2026-08-31 08:00:00+00:00, run_after=2026-09-07 08:00:00+00:00
[2026-09-05T08:27:37.960+0000] {processor.py:183} INFO - Processing /opt/airflow/dags/accident_etl_dag.py took 0.509 seconds
[2026-09-05T08:28:08.135+0000] {processor.py:161} INFO - Started process (PID=308) to work on /opt/airflow/dags/accident_etl_dag.py
[2026-09-05T08:28:08.136+0000] {processor.py:830} INFO - Processing file /opt/airflow/dags/accident_etl_dag.py for tasks to queue
[2026-09-05T08:28:08.137+0000] {logging_mixin.py:188} INFO - [2026-09-05T08:28:08.136+0000] {dagbag.py:538} INFO - Filling up the DagBag from /opt/airflow/dags/accident_etl_dag.py
[2026-09-05T08:28:08.498+0000] {processor.py:840} INFO - DAG(s) 'road_accident_risk_pipeline' retrieved from /opt/airflow/dags/accident_etl_dag.py
[2026-09-05T08:28:08.535+0000] {logging_mixin.py:188} INFO - [2026-09-05T08:28:08.535+0000] {dag.py:3036} INFO - Sync 1 DAGs
[2026-09-05T08:28:08.565+0000] {logging_mixin.py:188} INFO - [2026-09-05T08:28:08.565+0000] {dag.py:3823} INFO - Setting next_dagrun for road_accident_risk_pipeline to 2026-08-31 08:00:00+00:00, run_after=2026-09-07 08:00:00+00:00
[2026-09-05T08:28:08.580+0000] {processor.py:183} INFO - Processing /opt/airflow/dags/accident_etl_dag.py took 0.449 seconds
[2026-09-05T08:28:38.742+0000] {processor.py:161} INFO - Started process (PID=317) to work on /opt/airflow/dags/accident_etl_dag.py
[2026-09-05T08:28:38.744+0000] {processor.py:830} INFO - Processing file /opt/airflow/dags/accident_etl_dag.py for tasks to queue
[2026-09-05T08:28:38.745+0000] {logging_mixin.py:188} INFO - [2026-09-05T08:28:38.744+0000] {dagbag.py:538} INFO - Filling up the DagBag from /opt/airflow/dags/accident_etl_dag.py
[2026-09-05T08:28:39.083+0000] {processor.py:840} INFO - DAG(s) 'road_accident_risk_pipeline' retrieved from /opt/airflow/dags/accident_etl_dag.py
[2026-09-05T08:28:39.136+0000] {logging_mixin.py:188} INFO - [2026-09-05T08:28:39.135+0000] {dag.py:3036} INFO - Sync 1 DAGs
[2026-09-05T08:28:39.192+0000] {logging_mixin.py:188} INFO - [2026-09-05T08:28:39.191+0000] {dag.py:3823} INFO - Setting next_dagrun for road_accident_risk_pipeline to 2026-08-31 08:00:00+00:00, run_after=2026-09-07 08:00:00+00:00
[2026-09-05T08:28:39.217+0000] {processor.py:183} INFO - Processing /opt/airflow/dags/accident_etl_dag.py took 0.480 seconds
[2026-09-05T08:29:09.378+0000] {processor.py:161} INFO - Started process (PID=323) to work on /opt/airflow/dags/accident_etl_dag.py
[2026-09-05T08:29:09.379+0000] {processor.py:830} INFO - Processing file /opt/airflow/dags/accident_etl_dag.py for tasks to queue
[2026-09-05T08:29:09.379+0000] {logging_mixin.py:188} INFO - [2026-09-05T08:29:09.379+0000] {dagbag.py:538} INFO - Filling up the DagBag from /opt/airflow/dags/accident_etl_dag.py
[2026-09-05T08:29:09.771+0000] {processor.py:840} INFO - DAG(s) 'road_accident_risk_pipeline' retrieved from /opt/airflow/dags/accident_etl_dag.py
[2026-09-05T08:29:09.819+0000] {logging_mixin.py:188} INFO - [2026-09-05T08:29:09.819+0000] {dag.py:3036} INFO - Sync 1 DAGs
[2026-09-05T08:29:10.054+0000] {logging_mixin.py:188} INFO - [2026-09-05T08:29:10.054+0000] {dag.py:3823} INFO - Setting next_dagrun for road_accident_risk_pipeline to 2026-08-31 08:00:00+00:00, run_after=2026-09-07 08:00:00+00:00
[2026-09-05T08:29:10.078+0000] {processor.py:183} INFO - Processing /opt/airflow/dags/accident_etl_dag.py took 0.703 seconds
[2026-09-05T08:29:40.252+0000] {processor.py:161} INFO - Started process (PID=329) to work on /opt/airflow/dags/accident_etl_dag.py
[2026-09-05T08:29:40.253+0000] {processor.py:830} INFO - Processing file /opt/airflow/dags/accident_etl_dag.py for tasks to queue
[2026-09-05T08:29:40.254+0000] {logging_mixin.py:188} INFO - [2026-09-05T08:29:40.254+0000] {dagbag.py:538} INFO - Filling up the DagBag from /opt/airflow/dags/accident_etl_dag.py
[2026-09-05T08:29:40.673+0000] {processor.py:840} INFO - DAG(s) 'road_accident_risk_pipeline' retrieved from /opt/airflow/dags/accident_etl_dag.py
[2026-09-05T08:29:40.708+0000] {logging_mixin.py:188} INFO - [2026-09-05T08:29:40.707+0000] {dag.py:3036} INFO - Sync 1 DAGs
[2026-09-05T08:29:40.977+0000] {logging_mixin.py:188} INFO - [2026-09-05T08:29:40.977+0000] {dag.py:3823} INFO - Setting next_dagrun for road_accident_risk_pipeline to 2026-08-31 08:00:00+00:00, run_after=2026-09-07 08:00:00+00:00
[2026-09-05T08:29:40.993+0000] {processor.py:183} INFO - Processing /opt/airflow/dags/accident_etl_dag.py took 0.746 seconds
[2026-09-05T08:30:11.190+0000] {processor.py:161} INFO - Started process (PID=335) to work on /opt/airflow/dags/accident_etl_dag.py
[2026-09-05T08:30:11.191+0000] {processor.py:830} INFO - Processing file /opt/airflow/dags/accident_etl_dag.py for tasks to queue
[2026-09-05T08:30:11.191+0000] {logging_mixin.py:188} INFO - [2026-09-05T08:30:11.191+0000] {dagbag.py:538} INFO - Filling up the DagBag from /opt/airflow/dags/accident_etl_dag.py
[2026-09-05T08:30:11.583+0000] {processor.py:840} INFO - DAG(s) 'road_accident_risk_pipeline' retrieved from /opt/airflow/dags/accident_etl_dag.py
[2026-09-05T08:30:11.625+0000] {logging_mixin.py:188} INFO - [2026-09-05T08:30:11.624+0000] {dag.py:3036} INFO - Sync 1 DAGs
[2026-09-05T08:30:11.664+0000] {logging_mixin.py:188} INFO - [2026-09-05T08:30:11.664+0000] {dag.py:3823} INFO - Setting next_dagrun for road_accident_risk_pipeline to 2026-08-31 08:00:00+00:00, run_after=2026-09-07 08:00:00+00:00
[2026-09-05T08:30:11.694+0000] {processor.py:183} INFO - Processing /opt/airflow/dags/accident_etl_dag.py took 0.507 seconds
[2026-09-05T08:30:41.859+0000] {processor.py:161} INFO - Started process (PID=341) to work on /opt/airflow/dags/accident_etl_dag.py
[2026-09-05T08:30:41.861+0000] {processor.py:830} INFO - Processing file /opt/airflow/dags/accident_etl_dag.py for tasks to queue
[2026-09-05T08:30:41.862+0000] {logging_mixin.py:188} INFO - [2026-09-05T08:30:41.861+0000] {dagbag.py:538} INFO - Filling up the DagBag from /opt/airflow/dags/accident_etl_dag.py
[2026-09-05T08:30:42.202+0000] {processor.py:840} INFO - DAG(s) 'road_accident_risk_pipeline' retrieved from /opt/airflow/dags/accident_etl_dag.py
[2026-09-05T08:30:42.228+0000] {logging_mixin.py:188} INFO - [2026-09-05T08:30:42.227+0000] {dag.py:3036} INFO - Sync 1 DAGs
[2026-09-05T08:30:42.248+0000] {logging_mixin.py:188} INFO - [2026-09-05T08:30:42.247+0000] {dag.py:3823} INFO - Setting next_dagrun for road_accident_risk_pipeline to 2026-08-31 08:00:00+00:00, run_after=2026-09-07 08:00:00+00:00
[2026-09-05T08:30:42.269+0000] {processor.py:183} INFO - Processing /opt/airflow/dags/accident_etl_dag.py took 0.415 seconds
[2026-09-05T08:31:12.487+0000] {processor.py:161} INFO - Started process (PID=347) to work on /opt/airflow/dags/accident_etl_dag.py
[2026-09-05T08:31:12.495+0000] {processor.py:830} INFO - Processing file /opt/airflow/dags/accident_etl_dag.py for tasks to queue
[2026-09-05T08:31:12.496+0000] {logging_mixin.py:188} INFO - [2026-09-05T08:31:12.496+0000] {dagbag.py:538} INFO - Filling up the DagBag from /opt/airflow/dags/accident_etl_dag.py
[2026-09-05T08:31:12.886+0000] {processor.py:840} INFO - DAG(s) 'road_accident_risk_pipeline' retrieved from /opt/airflow/dags/accident_etl_dag.py
[2026-09-05T08:31:12.915+0000] {logging_mixin.py:188} INFO - [2026-09-05T08:31:12.915+0000] {dag.py:3036} INFO - Sync 1 DAGs
[2026-09-05T08:31:13.144+0000] {logging_mixin.py:188} INFO - [2026-09-05T08:31:13.144+0000] {dag.py:3823} INFO - Setting next_dagrun for road_accident_risk_pipeline to 2026-08-31 08:00:00+00:00, run_after=2026-09-07 08:00:00+00:00
[2026-09-05T08:31:13.161+0000] {processor.py:183} INFO - Processing /opt/airflow/dags/accident_etl_dag.py took 0.685 seconds
[2026-09-05T08:31:31.079+0000] {processor.py:161} INFO - Started process (PID=356) to work on /opt/airflow/dags/accident_etl_dag.py
[2026-09-05T08:31:31.080+0000] {processor.py:830} INFO - Processing file /opt/airflow/dags/accident_etl_dag.py for tasks to queue
[2026-09-05T08:31:31.080+0000] {logging_mixin.py:188} INFO - [2026-09-05T08:31:31.080+0000] {dagbag.py:538} INFO - Filling up the DagBag from /opt/airflow/dags/accident_etl_dag.py
[2026-09-05T08:31:31.533+0000] {processor.py:840} INFO - DAG(s) 'road_accident_risk_pipeline' retrieved from /opt/airflow/dags/accident_etl_dag.py
[2026-09-05T08:31:31.586+0000] {logging_mixin.py:188} INFO - [2026-09-05T08:31:31.586+0000] {dag.py:3036} INFO - Sync 1 DAGs
[2026-09-05T08:31:31.615+0000] {logging_mixin.py:188} INFO - [2026-09-05T08:31:31.615+0000] {dag.py:3823} INFO - Setting next_dagrun for road_accident_risk_pipeline to 2026-08-31 08:00:00+00:00, run_after=2026-09-07 08:00:00+00:00
[2026-09-05T08:31:31.646+0000] {processor.py:183} INFO - Processing /opt/airflow/dags/accident_etl_dag.py took 0.570 seconds
[2026-09-05T08:32:01.838+0000] {processor.py:161} INFO - Started process (PID=368) to work on /opt/airflow/dags/accident_etl_dag.py
[2026-09-05T08:32:01.840+0000] {processor.py:830} INFO - Processing file /opt/airflow/dags/accident_etl_dag.py for tasks to queue
[2026-09-05T08:32:01.840+0000] {logging_mixin.py:188} INFO - [2026-09-05T08:32:01.840+0000] {dagbag.py:538} INFO - Filling up the DagBag from /opt/airflow/dags/accident_etl_dag.py
[2026-09-05T08:32:02.153+0000] {processor.py:840} INFO - DAG(s) 'road_accident_risk_pipeline' retrieved from /opt/airflow/dags/accident_etl_dag.py
[2026-09-05T08:32:02.177+0000] {logging_mixin.py:188} INFO - [2026-09-05T08:32:02.177+0000] {dag.py:3036} INFO - Sync 1 DAGs
[2026-09-05T08:32:02.199+0000] {logging_mixin.py:188} INFO - [2026-09-05T08:32:02.198+0000] {dag.py:3823} INFO - Setting next_dagrun for road_accident_risk_pipeline to 2026-08-31 08:00:00+00:00, run_after=2026-09-07 08:00:00+00:00
[2026-09-05T08:32:02.217+0000] {processor.py:183} INFO - Processing /opt/airflow/dags/accident_etl_dag.py took 0.382 seconds
[2026-09-05T08:32:32.361+0000] {processor.py:161} INFO - Started process (PID=374) to work on /opt/airflow/dags/accident_etl_dag.py
[2026-09-05T08:32:32.362+0000] {processor.py:830} INFO - Processing file /opt/airflow/dags/accident_etl_dag.py for tasks to queue
[2026-09-05T08:32:32.363+0000] {logging_mixin.py:188} INFO - [2026-09-05T08:32:32.363+0000] {dagbag.py:538} INFO - Filling up the DagBag from /opt/airflow/dags/accident_etl_dag.py
[2026-09-05T08:32:32.705+0000] {processor.py:840} INFO - DAG(s) 'road_accident_risk_pipeline' retrieved from /opt/airflow/dags/accident_etl_dag.py
[2026-09-05T08:32:32.734+0000] {logging_mixin.py:188} INFO - [2026-09-05T08:32:32.734+0000] {dag.py:3036} INFO - Sync 1 DAGs
[2026-09-05T08:32:32.933+0000] {logging_mixin.py:188} INFO - [2026-09-05T08:32:32.933+0000] {dag.py:3823} INFO - Setting next_dagrun for road_accident_risk_pipeline to 2026-08-31 08:00:00+00:00, run_after=2026-09-07 08:00:00+00:00
[2026-09-05T08:32:32.966+0000] {processor.py:183} INFO - Processing /opt/airflow/dags/accident_etl_dag.py took 0.607 seconds
[2026-09-05T08:33:03.150+0000] {processor.py:161} INFO - Started process (PID=380) to work on /opt/airflow/dags/accident_etl_dag.py
[2026-09-05T08:33:03.151+0000] {processor.py:830} INFO - Processing file /opt/airflow/dags/accident_etl_dag.py for tasks to queue
[2026-09-05T08:33:03.154+0000] {logging_mixin.py:188} INFO - [2026-09-05T08:33:03.153+0000] {dagbag.py:538} INFO - Filling up the DagBag from /opt/airflow/dags/accident_etl_dag.py
[2026-09-05T08:33:03.937+0000] {processor.py:840} INFO - DAG(s) 'road_accident_risk_pipeline' retrieved from /opt/airflow/dags/accident_etl_dag.py
[2026-09-05T08:33:04.325+0000] {logging_mixin.py:188} INFO - [2026-09-05T08:33:04.323+0000] {dag.py:3036} INFO - Sync 1 DAGs
[2026-09-05T08:33:04.365+0000] {logging_mixin.py:188} INFO - [2026-09-05T08:33:04.365+0000] {dag.py:3823} INFO - Setting next_dagrun for road_accident_risk_pipeline to 2026-08-31 08:00:00+00:00, run_after=2026-09-07 08:00:00+00:00
[2026-09-05T08:33:04.412+0000] {processor.py:183} INFO - Processing /opt/airflow/dags/accident_etl_dag.py took 1.268 seconds
[2026-09-05T08:33:34.599+0000] {processor.py:161} INFO - Started process (PID=386) to work on /opt/airflow/dags/accident_etl_dag.py
[2026-09-05T08:33:34.600+0000] {processor.py:830} INFO - Processing file /opt/airflow/dags/accident_etl_dag.py for tasks to queue
[2026-09-05T08:33:34.600+0000] {logging_mixin.py:188} INFO - [2026-09-05T08:33:34.600+0000] {dagbag.py:538} INFO - Filling up the DagBag from /opt/airflow/dags/accident_etl_dag.py
[2026-09-05T08:33:34.921+0000] {processor.py:840} INFO - DAG(s) 'road_accident_risk_pipeline' retrieved from /opt/airflow/dags/accident_etl_dag.py
[2026-09-05T08:33:34.954+0000] {logging_mixin.py:188} INFO - [2026-09-05T08:33:34.954+0000] {dag.py:3036} INFO - Sync 1 DAGs
[2026-09-05T08:33:34.982+0000] {logging_mixin.py:188} INFO - [2026-09-05T08:33:34.981+0000] {dag.py:3823} INFO - Setting next_dagrun for road_accident_risk_pipeline to 2026-08-31 08:00:00+00:00, run_after=2026-09-07 08:00:00+00:00
[2026-09-05T08:33:35.016+0000] {processor.py:183} INFO - Processing /opt/airflow/dags/accident_etl_dag.py took 0.420 seconds
[2026-09-05T08:34:05.190+0000] {processor.py:161} INFO - Started process (PID=392) to work on /opt/airflow/dags/accident_etl_dag.py
[2026-09-05T08:34:05.191+0000] {processor.py:830} INFO - Processing file /opt/airflow/dags/accident_etl_dag.py for tasks to queue
[2026-09-05T08:34:05.192+0000] {logging_mixin.py:188} INFO - [2026-09-05T08:34:05.192+0000] {dagbag.py:538} INFO - Filling up the DagBag from /opt/airflow/dags/accident_etl_dag.py
[2026-09-05T08:34:05.617+0000] {processor.py:840} INFO - DAG(s) 'road_accident_risk_pipeline' retrieved from /opt/airflow/dags/accident_etl_dag.py
[2026-09-05T08:34:05.669+0000] {logging_mixin.py:188} INFO - [2026-09-05T08:34:05.669+0000] {dag.py:3036} INFO - Sync 1 DAGs
[2026-09-05T08:34:05.943+0000] {logging_mixin.py:188} INFO - [2026-09-05T08:34:05.942+0000] {dag.py:3823} INFO - Setting next_dagrun for road_accident_risk_pipeline to 2026-08-31 08:00:00+00:00, run_after=2026-09-07 08:00:00+00:00
[2026-09-05T08:34:05.961+0000] {processor.py:183} INFO - Processing /opt/airflow/dags/accident_etl_dag.py took 0.775 seconds
[2026-09-05T08:34:36.164+0000] {processor.py:161} INFO - Started process (PID=398) to work on /opt/airflow/dags/accident_etl_dag.py
[2026-09-05T08:34:36.165+0000] {processor.py:830} INFO - Processing file /opt/airflow/dags/accident_etl_dag.py for tasks to queue
[2026-09-05T08:34:36.166+0000] {logging_mixin.py:188} INFO - [2026-09-05T08:34:36.166+0000] {dagbag.py:538} INFO - Filling up the DagBag from /opt/airflow/dags/accident_etl_dag.py
[2026-09-05T08:34:36.492+0000] {processor.py:840} INFO - DAG(s) 'road_accident_risk_pipeline' retrieved from /opt/airflow/dags/accident_etl_dag.py
[2026-09-05T08:34:36.519+0000] {logging_mixin.py:188} INFO - [2026-09-05T08:34:36.519+0000] {dag.py:3036} INFO - Sync 1 DAGs
[2026-09-05T08:34:36.670+0000] {logging_mixin.py:188} INFO - [2026-09-05T08:34:36.670+0000] {dag.py:3823} INFO - Setting next_dagrun for road_accident_risk_pipeline to 2026-08-31 08:00:00+00:00, run_after=2026-09-07 08:00:00+00:00
[2026-09-05T08:34:36.685+0000] {processor.py:183} INFO - Processing /opt/airflow/dags/accident_etl_dag.py took 0.525 seconds
[2026-09-05T08:35:06.850+0000] {processor.py:161} INFO - Started process (PID=404) to work on /opt/airflow/dags/accident_etl_dag.py
[2026-09-05T08:35:06.851+0000] {processor.py:830} INFO - Processing file /opt/airflow/dags/accident_etl_dag.py for tasks to queue
[2026-09-05T08:35:06.852+0000] {logging_mixin.py:188} INFO - [2026-09-05T08:35:06.851+0000] {dagbag.py:538} INFO - Filling up the DagBag from /opt/airflow/dags/accident_etl_dag.py
[2026-09-05T08:35:07.709+0000] {processor.py:840} INFO - DAG(s) 'road_accident_risk_pipeline' retrieved from /opt/airflow/dags/accident_etl_dag.py
[2026-09-05T08:35:07.739+0000] {logging_mixin.py:188} INFO - [2026-09-05T08:35:07.739+0000] {dag.py:3036} INFO - Sync 1 DAGs
[2026-09-05T08:35:07.757+0000] {logging_mixin.py:188} INFO - [2026-09-05T08:35:07.757+0000] {dag.py:3823} INFO - Setting next_dagrun for road_accident_risk_pipeline to 2026-08-31 08:00:00+00:00, run_after=2026-09-07 08:00:00+00:00
[2026-09-05T08:35:07.781+0000] {processor.py:183} INFO - Processing /opt/airflow/dags/accident_etl_dag.py took 0.937 seconds
[2026-09-05T08:35:37.931+0000] {processor.py:161} INFO - Started process (PID=410) to work on /opt/airflow/dags/accident_etl_dag.py
[2026-09-05T08:35:37.932+0000] {processor.py:830} INFO - Processing file /opt/airflow/dags/accident_etl_dag.py for tasks to queue
[2026-09-05T08:35:37.932+0000] {logging_mixin.py:188} INFO - [2026-09-05T08:35:37.932+0000] {dagbag.py:538} INFO - Filling up the DagBag from /opt/airflow/dags/accident_etl_dag.py
[2026-09-05T08:35:38.380+0000] {processor.py:840} INFO - DAG(s) 'road_accident_risk_pipeline' retrieved from /opt/airflow/dags/accident_etl_dag.py
[2026-09-05T08:35:38.404+0000] {logging_mixin.py:188} INFO - [2026-09-05T08:35:38.404+0000] {dag.py:3036} INFO - Sync 1 DAGs
[2026-09-05T08:35:38.441+0000] {logging_mixin.py:188} INFO - [2026-09-05T08:35:38.440+0000] {dag.py:3823} INFO - Setting next_dagrun for road_accident_risk_pipeline to 2026-08-31 08:00:00+00:00, run_after=2026-09-07 08:00:00+00:00
[2026-09-05T08:35:38.463+0000] {processor.py:183} INFO - Processing /opt/airflow/dags/accident_etl_dag.py took 0.534 seconds
[2026-09-05T08:36:08.537+0000] {processor.py:161} INFO - Started process (PID=416) to work on /opt/airflow/dags/accident_etl_dag.py
[2026-09-05T08:36:08.538+0000] {processor.py:830} INFO - Processing file /opt/airflow/dags/accident_etl_dag.py for tasks to queue
[2026-09-05T08:36:08.538+0000] {logging_mixin.py:188} INFO - [2026-09-05T08:36:08.538+0000] {dagbag.py:538} INFO - Filling up the DagBag from /opt/airflow/dags/accident_etl_dag.py
[2026-09-05T08:36:08.832+0000] {processor.py:840} INFO - DAG(s) 'road_accident_risk_pipeline' retrieved from /opt/airflow/dags/accident_etl_dag.py
[2026-09-05T08:36:08.861+0000] {logging_mixin.py:188} INFO - [2026-09-05T08:36:08.861+0000] {dag.py:3036} INFO - Sync 1 DAGs
[2026-09-05T08:36:09.026+0000] {logging_mixin.py:188} INFO - [2026-09-05T08:36:09.026+0000] {dag.py:3823} INFO - Setting next_dagrun for road_accident_risk_pipeline to 2026-08-31 08:00:00+00:00, run_after=2026-09-07 08:00:00+00:00
[2026-09-05T08:36:09.040+0000] {processor.py:183} INFO - Processing /opt/airflow/dags/accident_etl_dag.py took 0.506 seconds
[2026-09-05T08:36:39.189+0000] {processor.py:161} INFO - Started process (PID=422) to work on /opt/airflow/dags/accident_etl_dag.py
[2026-09-05T08:36:39.190+0000] {processor.py:830} INFO - Processing file /opt/airflow/dags/accident_etl_dag.py for tasks to queue
[2026-09-05T08:36:39.191+0000] {logging_mixin.py:188} INFO - [2026-09-05T08:36:39.191+0000] {dagbag.py:538} INFO - Filling up the DagBag from /opt/airflow/dags/accident_etl_dag.py
[2026-09-05T08:36:39.600+0000] {processor.py:840} INFO - DAG(s) 'road_accident_risk_pipeline' retrieved from /opt/airflow/dags/accident_etl_dag.py
[2026-09-05T08:36:39.625+0000] {logging_mixin.py:188} INFO - [2026-09-05T08:36:39.624+0000] {dag.py:3036} INFO - Sync 1 DAGs
[2026-09-05T08:36:39.643+0000] {logging_mixin.py:188} INFO - [2026-09-05T08:36:39.643+0000] {dag.py:3823} INFO - Setting next_dagrun for road_accident_risk_pipeline to 2026-08-31 08:00:00+00:00, run_after=2026-09-07 08:00:00+00:00
[2026-09-05T08:36:39.658+0000] {processor.py:183} INFO - Processing /opt/airflow/dags/accident_etl_dag.py took 0.472 seconds
[2026-09-05T08:37:09.806+0000] {processor.py:161} INFO - Started process (PID=428) to work on /opt/airflow/dags/accident_etl_dag.py
[2026-09-05T08:37:09.807+0000] {processor.py:830} INFO - Processing file /opt/airflow/dags/accident_etl_dag.py for tasks to queue
[2026-09-05T08:37:09.808+0000] {logging_mixin.py:188} INFO - [2026-09-05T08:37:09.808+0000] {dagbag.py:538} INFO - Filling up the DagBag from /opt/airflow/dags/accident_etl_dag.py
[2026-09-05T08:37:10.238+0000] {processor.py:840} INFO - DAG(s) 'road_accident_risk_pipeline' retrieved from /opt/airflow/dags/accident_etl_dag.py
[2026-09-05T08:37:10.279+0000] {logging_mixin.py:188} INFO - [2026-09-05T08:37:10.278+0000] {dag.py:3036} INFO - Sync 1 DAGs
[2026-09-05T08:37:10.353+0000] {logging_mixin.py:188} INFO - [2026-09-05T08:37:10.352+0000] {dag.py:3823} INFO - Setting next_dagrun for road_accident_risk_pipeline to 2026-08-31 08:00:00+00:00, run_after=2026-09-07 08:00:00+00:00
[2026-09-05T08:37:10.371+0000] {processor.py:183} INFO - Processing /opt/airflow/dags/accident_etl_dag.py took 0.568 seconds
[2026-09-05T08:37:40.448+0000] {processor.py:161} INFO - Started process (PID=434) to work on /opt/airflow/dags/accident_etl_dag.py
[2026-09-05T08:37:40.449+0000] {processor.py:830} INFO - Processing file /opt/airflow/dags/accident_etl_dag.py for tasks to queue
[2026-09-05T08:37:40.449+0000] {logging_mixin.py:188} INFO - [2026-09-05T08:37:40.449+0000] {dagbag.py:538} INFO - Filling up the DagBag from /opt/airflow/dags/accident_etl_dag.py
[2026-09-05T08:37:40.925+0000] {processor.py:840} INFO - DAG(s) 'road_accident_risk_pipeline' retrieved from /opt/airflow/dags/accident_etl_dag.py
[2026-09-05T08:37:40.948+0000] {logging_mixin.py:188} INFO - [2026-09-05T08:37:40.947+0000] {dag.py:3036} INFO - Sync 1 DAGs
[2026-09-05T08:37:40.982+0000] {logging_mixin.py:188} INFO - [2026-09-05T08:37:40.981+0000] {dag.py:3823} INFO - Setting next_dagrun for road_accident_risk_pipeline to 2026-08-31 08:00:00+00:00, run_after=2026-09-07 08:00:00+00:00
[2026-09-05T08:37:41.008+0000] {processor.py:183} INFO - Processing /opt/airflow/dags/accident_etl_dag.py took 0.563 seconds
[2026-09-05T08:38:11.170+0000] {processor.py:161} INFO - Started process (PID=440) to work on /opt/airflow/dags/accident_etl_dag.py
[2026-09-05T08:38:11.172+0000] {processor.py:830} INFO - Processing file /opt/airflow/dags/accident_etl_dag.py for tasks to queue
[2026-09-05T08:38:11.174+0000] {logging_mixin.py:188} INFO - [2026-09-05T08:38:11.173+0000] {dagbag.py:538} INFO - Filling up the DagBag from /opt/airflow/dags/accident_etl_dag.py
[2026-09-05T08:38:11.661+0000] {processor.py:840} INFO - DAG(s) 'road_accident_risk_pipeline' retrieved from /opt/airflow/dags/accident_etl_dag.py
[2026-09-05T08:38:11.682+0000] {logging_mixin.py:188} INFO - [2026-09-05T08:38:11.682+0000] {dag.py:3036} INFO - Sync 1 DAGs
[2026-09-05T08:38:11.703+0000] {logging_mixin.py:188} INFO - [2026-09-05T08:38:11.703+0000] {dag.py:3823} INFO - Setting next_dagrun for road_accident_risk_pipeline to 2026-08-31 08:00:00+00:00, run_after=2026-09-07 08:00:00+00:00
[2026-09-05T08:38:11.727+0000] {processor.py:183} INFO - Processing /opt/airflow/dags/accident_etl_dag.py took 0.561 seconds
[2026-09-05T08:38:41.785+0000] {processor.py:161} INFO - Started process (PID=446) to work on /opt/airflow/dags/accident_etl_dag.py
[2026-09-05T08:38:41.789+0000] {processor.py:830} INFO - Processing file /opt/airflow/dags/accident_etl_dag.py for tasks to queue
[2026-09-05T08:38:41.792+0000] {logging_mixin.py:188} INFO - [2026-09-05T08:38:41.791+0000] {dagbag.py:538} INFO - Filling up the DagBag from /opt/airflow/dags/accident_etl_dag.py
[2026-09-05T08:38:42.230+0000] {processor.py:840} INFO - DAG(s) 'road_accident_risk_pipeline' retrieved from /opt/airflow/dags/accident_etl_dag.py
[2026-09-05T08:38:42.249+0000] {logging_mixin.py:188} INFO - [2026-09-05T08:38:42.249+0000] {dag.py:3036} INFO - Sync 1 DAGs
[2026-09-05T08:38:42.269+0000] {logging_mixin.py:188} INFO - [2026-09-05T08:38:42.269+0000] {dag.py:3823} INFO - Setting next_dagrun for road_accident_risk_pipeline to 2026-08-31 08:00:00+00:00, run_after=2026-09-07 08:00:00+00:00
[2026-09-05T08:38:42.285+0000] {processor.py:183} INFO - Processing /opt/airflow/dags/accident_etl_dag.py took 0.504 seconds
[2026-09-05T08:39:12.435+0000] {processor.py:161} INFO - Started process (PID=452) to work on /opt/airflow/dags/accident_etl_dag.py
[2026-09-05T08:39:12.436+0000] {processor.py:830} INFO - Processing file /opt/airflow/dags/accident_etl_dag.py for tasks to queue
[2026-09-05T08:39:12.438+0000] {logging_mixin.py:188} INFO - [2026-09-05T08:39:12.437+0000] {dagbag.py:538} INFO - Filling up the DagBag from /opt/airflow/dags/accident_etl_dag.py
[2026-09-05T08:39:13.010+0000] {processor.py:840} INFO - DAG(s) 'road_accident_risk_pipeline' retrieved from /opt/airflow/dags/accident_etl_dag.py
[2026-09-05T08:39:13.033+0000] {logging_mixin.py:188} INFO - [2026-09-05T08:39:13.033+0000] {dag.py:3036} INFO - Sync 1 DAGs
[2026-09-05T08:39:13.052+0000] {logging_mixin.py:188} INFO - [2026-09-05T08:39:13.051+0000] {dag.py:3823} INFO - Setting next_dagrun for road_accident_risk_pipeline to 2026-08-31 08:00:00+00:00, run_after=2026-09-07 08:00:00+00:00
[2026-09-05T08:39:13.066+0000] {processor.py:183} INFO - Processing /opt/airflow/dags/accident_etl_dag.py took 0.636 seconds
[2026-09-05T08:39:43.192+0000] {processor.py:161} INFO - Started process (PID=458) to work on /opt/airflow/dags/accident_etl_dag.py
[2026-09-05T08:39:43.192+0000] {processor.py:830} INFO - Processing file /opt/airflow/dags/accident_etl_dag.py for tasks to queue
[2026-09-05T08:39:43.193+0000] {logging_mixin.py:188} INFO - [2026-09-05T08:39:43.193+0000] {dagbag.py:538} INFO - Filling up the DagBag from /opt/airflow/dags/accident_etl_dag.py
[2026-09-05T08:39:43.588+0000] {processor.py:840} INFO - DAG(s) 'road_accident_risk_pipeline' retrieved from /opt/airflow/dags/accident_etl_dag.py
[2026-09-05T08:39:43.609+0000] {logging_mixin.py:188} INFO - [2026-09-05T08:39:43.609+0000] {dag.py:3036} INFO - Sync 1 DAGs
[2026-09-05T08:39:43.633+0000] {logging_mixin.py:188} INFO - [2026-09-05T08:39:43.633+0000] {dag.py:3823} INFO - Setting next_dagrun for road_accident_risk_pipeline to 2026-08-31 08:00:00+00:00, run_after=2026-09-07 08:00:00+00:00
[2026-09-05T08:39:43.653+0000] {processor.py:183} INFO - Processing /opt/airflow/dags/accident_etl_dag.py took 0.464 seconds
[2026-09-05T08:40:13.809+0000] {processor.py:161} INFO - Started process (PID=464) to work on /opt/airflow/dags/accident_etl_dag.py
[2026-09-05T08:40:13.810+0000] {processor.py:830} INFO - Processing file /opt/airflow/dags/accident_etl_dag.py for tasks to queue
[2026-09-05T08:40:13.811+0000] {logging_mixin.py:188} INFO - [2026-09-05T08:40:13.811+0000] {dagbag.py:538} INFO - Filling up the DagBag from /opt/airflow/dags/accident_etl_dag.py
[2026-09-05T08:40:14.241+0000] {processor.py:840} INFO - DAG(s) 'road_accident_risk_pipeline' retrieved from /opt/airflow/dags/accident_etl_dag.py
[2026-09-05T08:40:14.261+0000] {logging_mixin.py:188} INFO - [2026-09-05T08:40:14.261+0000] {dag.py:3036} INFO - Sync 1 DAGs
[2026-09-05T08:40:14.280+0000] {logging_mixin.py:188} INFO - [2026-09-05T08:40:14.280+0000] {dag.py:3823} INFO - Setting next_dagrun for road_accident_risk_pipeline to 2026-08-31 08:00:00+00:00, run_after=2026-09-07 08:00:00+00:00
[2026-09-05T08:40:14.294+0000] {processor.py:183} INFO - Processing /opt/airflow/dags/accident_etl_dag.py took 0.488 seconds
[2026-09-05T08:40:44.438+0000] {processor.py:161} INFO - Started process (PID=470) to work on /opt/airflow/dags/accident_etl_dag.py
[2026-09-05T08:40:44.439+0000] {processor.py:830} INFO - Processing file /opt/airflow/dags/accident_etl_dag.py for tasks to queue
[2026-09-05T08:40:44.440+0000] {logging_mixin.py:188} INFO - [2026-09-05T08:40:44.439+0000] {dagbag.py:538} INFO - Filling up the DagBag from /opt/airflow/dags/accident_etl_dag.py
[2026-09-05T08:40:44.960+0000] {processor.py:840} INFO - DAG(s) 'road_accident_risk_pipeline' retrieved from /opt/airflow/dags/accident_etl_dag.py
[2026-09-05T08:40:44.980+0000] {logging_mixin.py:188} INFO - [2026-09-05T08:40:44.980+0000] {dag.py:3036} INFO - Sync 1 DAGs
[2026-09-05T08:40:44.999+0000] {logging_mixin.py:188} INFO - [2026-09-05T08:40:44.999+0000] {dag.py:3823} INFO - Setting next_dagrun for road_accident_risk_pipeline to 2026-08-31 08:00:00+00:00, run_after=2026-09-07 08:00:00+00:00
[2026-09-05T08:40:45.017+0000] {processor.py:183} INFO - Processing /opt/airflow/dags/accident_etl_dag.py took 0.582 seconds
[2026-09-05T08:41:15.191+0000] {processor.py:161} INFO - Started process (PID=479) to work on /opt/airflow/dags/accident_etl_dag.py
[2026-09-05T08:41:15.192+0000] {processor.py:830} INFO - Processing file /opt/airflow/dags/accident_etl_dag.py for tasks to queue
[2026-09-05T08:41:15.193+0000] {logging_mixin.py:188} INFO - [2026-09-05T08:41:15.193+0000] {dagbag.py:538} INFO - Filling up the DagBag from /opt/airflow/dags/accident_etl_dag.py
[2026-09-05T08:41:15.601+0000] {processor.py:840} INFO - DAG(s) 'road_accident_risk_pipeline' retrieved from /opt/airflow/dags/accident_etl_dag.py
[2026-09-05T08:41:15.627+0000] {logging_mixin.py:188} INFO - [2026-09-05T08:41:15.627+0000] {dag.py:3036} INFO - Sync 1 DAGs
[2026-09-05T08:41:15.645+0000] {logging_mixin.py:188} INFO - [2026-09-05T08:41:15.645+0000] {dag.py:3823} INFO - Setting next_dagrun for road_accident_risk_pipeline to 2026-08-31 08:00:00+00:00, run_after=2026-09-07 08:00:00+00:00
[2026-09-05T08:41:15.659+0000] {processor.py:183} INFO - Processing /opt/airflow/dags/accident_etl_dag.py took 0.472 seconds
[2026-09-05T08:41:45.784+0000] {processor.py:161} INFO - Started process (PID=485) to work on /opt/airflow/dags/accident_etl_dag.py
[2026-09-05T08:41:45.785+0000] {processor.py:830} INFO - Processing file /opt/airflow/dags/accident_etl_dag.py for tasks to queue
[2026-09-05T08:41:45.786+0000] {logging_mixin.py:188} INFO - [2026-09-05T08:41:45.785+0000] {dagbag.py:538} INFO - Filling up the DagBag from /opt/airflow/dags/accident_etl_dag.py
[2026-09-05T08:41:46.197+0000] {processor.py:840} INFO - DAG(s) 'road_accident_risk_pipeline' retrieved from /opt/airflow/dags/accident_etl_dag.py
[2026-09-05T08:41:46.222+0000] {logging_mixin.py:188} INFO - [2026-09-05T08:41:46.222+0000] {dag.py:3036} INFO - Sync 1 DAGs
[2026-09-05T08:41:46.252+0000] {logging_mixin.py:188} INFO - [2026-09-05T08:41:46.252+0000] {dag.py:3823} INFO - Setting next_dagrun for road_accident_risk_pipeline to 2026-08-31 08:00:00+00:00, run_after=2026-09-07 08:00:00+00:00
[2026-09-05T08:41:46.269+0000] {processor.py:183} INFO - Processing /opt/airflow/dags/accident_etl_dag.py took 0.488 seconds
[2026-09-05T08:42:16.421+0000] {processor.py:161} INFO - Started process (PID=491) to work on /opt/airflow/dags/accident_etl_dag.py
[2026-09-05T08:42:16.422+0000] {processor.py:830} INFO - Processing file /opt/airflow/dags/accident_etl_dag.py for tasks to queue
[2026-09-05T08:42:16.423+0000] {logging_mixin.py:188} INFO - [2026-09-05T08:42:16.423+0000] {dagbag.py:538} INFO - Filling up the DagBag from /opt/airflow/dags/accident_etl_dag.py
[2026-09-05T08:42:16.849+0000] {processor.py:840} INFO - DAG(s) 'road_accident_risk_pipeline' retrieved from /opt/airflow/dags/accident_etl_dag.py
[2026-09-05T08:42:16.869+0000] {logging_mixin.py:188} INFO - [2026-09-05T08:42:16.869+0000] {dag.py:3036} INFO - Sync 1 DAGs
[2026-09-05T08:42:16.888+0000] {logging_mixin.py:188} INFO - [2026-09-05T08:42:16.887+0000] {dag.py:3823} INFO - Setting next_dagrun for road_accident_risk_pipeline to 2026-08-31 08:00:00+00:00, run_after=2026-09-07 08:00:00+00:00
[2026-09-05T08:42:16.907+0000] {processor.py:183} INFO - Processing /opt/airflow/dags/accident_etl_dag.py took 0.489 seconds
[2026-09-05T08:42:47.037+0000] {processor.py:161} INFO - Started process (PID=497) to work on /opt/airflow/dags/accident_etl_dag.py
[2026-09-05T08:42:47.038+0000] {processor.py:830} INFO - Processing file /opt/airflow/dags/accident_etl_dag.py for tasks to queue
[2026-09-05T08:42:47.038+0000] {logging_mixin.py:188} INFO - [2026-09-05T08:42:47.038+0000] {dagbag.py:538} INFO - Filling up the DagBag from /opt/airflow/dags/accident_etl_dag.py
[2026-09-05T08:42:47.438+0000] {processor.py:840} INFO - DAG(s) 'road_accident_risk_pipeline' retrieved from /opt/airflow/dags/accident_etl_dag.py
[2026-09-05T08:42:47.461+0000] {logging_mixin.py:188} INFO - [2026-09-05T08:42:47.460+0000] {dag.py:3036} INFO - Sync 1 DAGs
[2026-09-05T08:42:47.488+0000] {logging_mixin.py:188} INFO - [2026-09-05T08:42:47.487+0000] {dag.py:3823} INFO - Setting next_dagrun for road_accident_risk_pipeline to 2026-08-31 08:00:00+00:00, run_after=2026-09-07 08:00:00+00:00
[2026-09-05T08:42:47.504+0000] {processor.py:183} INFO - Processing /opt/airflow/dags/accident_etl_dag.py took 0.473 seconds
[2026-09-05T08:43:17.652+0000] {processor.py:161} INFO - Started process (PID=503) to work on /opt/airflow/dags/accident_etl_dag.py
[2026-09-05T08:43:17.653+0000] {processor.py:830} INFO - Processing file /opt/airflow/dags/accident_etl_dag.py for tasks to queue
[2026-09-05T08:43:17.654+0000] {logging_mixin.py:188} INFO - [2026-09-05T08:43:17.653+0000] {dagbag.py:538} INFO - Filling up the DagBag from /opt/airflow/dags/accident_etl_dag.py
[2026-09-05T08:43:18.084+0000] {processor.py:840} INFO - DAG(s) 'road_accident_risk_pipeline' retrieved from /opt/airflow/dags/accident_etl_dag.py
[2026-09-05T08:43:18.105+0000] {logging_mixin.py:188} INFO - [2026-09-05T08:43:18.104+0000] {dag.py:3036} INFO - Sync 1 DAGs
[2026-09-05T08:43:18.131+0000] {logging_mixin.py:188} INFO - [2026-09-05T08:43:18.130+0000] {dag.py:3823} INFO - Setting next_dagrun for road_accident_risk_pipeline to 2026-08-31 08:00:00+00:00, run_after=2026-09-07 08:00:00+00:00
[2026-09-05T08:43:18.145+0000] {processor.py:183} INFO - Processing /opt/airflow/dags/accident_etl_dag.py took 0.496 seconds
[2026-09-05T08:43:48.296+0000] {processor.py:161} INFO - Started process (PID=509) to work on /opt/airflow/dags/accident_etl_dag.py
[2026-09-05T08:43:48.297+0000] {processor.py:830} INFO - Processing file /opt/airflow/dags/accident_etl_dag.py for tasks to queue
[2026-09-05T08:43:48.298+0000] {logging_mixin.py:188} INFO - [2026-09-05T08:43:48.298+0000] {dagbag.py:538} INFO - Filling up the DagBag from /opt/airflow/dags/accident_etl_dag.py
[2026-09-05T08:43:48.798+0000] {processor.py:840} INFO - DAG(s) 'road_accident_risk_pipeline' retrieved from /opt/airflow/dags/accident_etl_dag.py
[2026-09-05T08:43:48.826+0000] {logging_mixin.py:188} INFO - [2026-09-05T08:43:48.826+0000] {dag.py:3036} INFO - Sync 1 DAGs
[2026-09-05T08:43:48.846+0000] {logging_mixin.py:188} INFO - [2026-09-05T08:43:48.846+0000] {dag.py:3823} INFO - Setting next_dagrun for road_accident_risk_pipeline to 2026-08-31 08:00:00+00:00, run_after=2026-09-07 08:00:00+00:00
[2026-09-05T08:43:48.861+0000] {processor.py:183} INFO - Processing /opt/airflow/dags/accident_etl_dag.py took 0.571 seconds
[2026-09-05T08:44:19.005+0000] {processor.py:161} INFO - Started process (PID=515) to work on /opt/airflow/dags/accident_etl_dag.py
[2026-09-05T08:44:19.006+0000] {processor.py:830} INFO - Processing file /opt/airflow/dags/accident_etl_dag.py for tasks to queue
[2026-09-05T08:44:19.007+0000] {logging_mixin.py:188} INFO - [2026-09-05T08:44:19.006+0000] {dagbag.py:538} INFO - Filling up the DagBag from /opt/airflow/dags/accident_etl_dag.py
[2026-09-05T08:44:19.425+0000] {processor.py:840} INFO - DAG(s) 'road_accident_risk_pipeline' retrieved from /opt/airflow/dags/accident_etl_dag.py
[2026-09-05T08:44:19.445+0000] {logging_mixin.py:188} INFO - [2026-09-05T08:44:19.445+0000] {dag.py:3036} INFO - Sync 1 DAGs
[2026-09-05T08:44:19.471+0000] {logging_mixin.py:188} INFO - [2026-09-05T08:44:19.471+0000] {dag.py:3823} INFO - Setting next_dagrun for road_accident_risk_pipeline to 2026-08-31 08:00:00+00:00, run_after=2026-09-07 08:00:00+00:00
[2026-09-05T08:44:19.486+0000] {processor.py:183} INFO - Processing /opt/airflow/dags/accident_etl_dag.py took 0.485 seconds
[2026-09-05T08:44:49.636+0000] {processor.py:161} INFO - Started process (PID=521) to work on /opt/airflow/dags/accident_etl_dag.py
[2026-09-05T08:44:49.636+0000] {processor.py:830} INFO - Processing file /opt/airflow/dags/accident_etl_dag.py for tasks to queue
[2026-09-05T08:44:49.637+0000] {logging_mixin.py:188} INFO - [2026-09-05T08:44:49.637+0000] {dagbag.py:538} INFO - Filling up the DagBag from /opt/airflow/dags/accident_etl_dag.py
[2026-09-05T08:44:50.285+0000] {processor.py:840} INFO - DAG(s) 'road_accident_risk_pipeline' retrieved from /opt/airflow/dags/accident_etl_dag.py
[2026-09-05T08:44:50.304+0000] {logging_mixin.py:188} INFO - [2026-09-05T08:44:50.304+0000] {dag.py:3036} INFO - Sync 1 DAGs
[2026-09-05T08:44:50.331+0000] {logging_mixin.py:188} INFO - [2026-09-05T08:44:50.330+0000] {dag.py:3823} INFO - Setting next_dagrun for road_accident_risk_pipeline to 2026-08-31 08:00:00+00:00, run_after=2026-09-07 08:00:00+00:00
[2026-09-05T08:44:50.349+0000] {processor.py:183} INFO - Processing /opt/airflow/dags/accident_etl_dag.py took 0.716 seconds
[2026-09-05T08:45:20.491+0000] {processor.py:161} INFO - Started process (PID=527) to work on /opt/airflow/dags/accident_etl_dag.py
[2026-09-05T08:45:20.492+0000] {processor.py:830} INFO - Processing file /opt/airflow/dags/accident_etl_dag.py for tasks to queue
[2026-09-05T08:45:20.493+0000] {logging_mixin.py:188} INFO - [2026-09-05T08:45:20.493+0000] {dagbag.py:538} INFO - Filling up the DagBag from /opt/airflow/dags/accident_etl_dag.py
[2026-09-05T08:45:20.907+0000] {processor.py:840} INFO - DAG(s) 'road_accident_risk_pipeline' retrieved from /opt/airflow/dags/accident_etl_dag.py
[2026-09-05T08:45:20.933+0000] {logging_mixin.py:188} INFO - [2026-09-05T08:45:20.932+0000] {dag.py:3036} INFO - Sync 1 DAGs
[2026-09-05T08:45:20.951+0000] {logging_mixin.py:188} INFO - [2026-09-05T08:45:20.951+0000] {dag.py:3823} INFO - Setting next_dagrun for road_accident_risk_pipeline to 2026-08-31 08:00:00+00:00, run_after=2026-09-07 08:00:00+00:00
[2026-09-05T08:45:20.965+0000] {processor.py:183} INFO - Processing /opt/airflow/dags/accident_etl_dag.py took 0.477 seconds
[2026-09-05T08:45:51.182+0000] {processor.py:161} INFO - Started process (PID=533) to work on /opt/airflow/dags/accident_etl_dag.py
[2026-09-05T08:45:51.183+0000] {processor.py:830} INFO - Processing file /opt/airflow/dags/accident_etl_dag.py for tasks to queue
[2026-09-05T08:45:51.183+0000] {logging_mixin.py:188} INFO - [2026-09-05T08:45:51.183+0000] {dagbag.py:538} INFO - Filling up the DagBag from /opt/airflow/dags/accident_etl_dag.py
[2026-09-05T08:45:52.030+0000] {processor.py:840} INFO - DAG(s) 'road_accident_risk_pipeline' retrieved from /opt/airflow/dags/accident_etl_dag.py
[2026-09-05T08:45:52.062+0000] {logging_mixin.py:188} INFO - [2026-09-05T08:45:52.062+0000] {dag.py:3036} INFO - Sync 1 DAGs
[2026-09-05T08:45:52.081+0000] {logging_mixin.py:188} INFO - [2026-09-05T08:45:52.081+0000] {dag.py:3823} INFO - Setting next_dagrun for road_accident_risk_pipeline to 2026-08-31 08:00:00+00:00, run_after=2026-09-07 08:00:00+00:00
[2026-09-05T08:45:52.107+0000] {processor.py:183} INFO - Processing /opt/airflow/dags/accident_etl_dag.py took 0.928 seconds
[2026-09-05T08:46:22.264+0000] {processor.py:161} INFO - Started process (PID=539) to work on /opt/airflow/dags/accident_etl_dag.py
[2026-09-05T08:46:22.265+0000] {processor.py:830} INFO - Processing file /opt/airflow/dags/accident_etl_dag.py for tasks to queue
[2026-09-05T08:46:22.266+0000] {logging_mixin.py:188} INFO - [2026-09-05T08:46:22.266+0000] {dagbag.py:538} INFO - Filling up the DagBag from /opt/airflow/dags/accident_etl_dag.py
[2026-09-05T08:46:22.674+0000] {processor.py:840} INFO - DAG(s) 'road_accident_risk_pipeline' retrieved from /opt/airflow/dags/accident_etl_dag.py
[2026-09-05T08:46:22.694+0000] {logging_mixin.py:188} INFO - [2026-09-05T08:46:22.694+0000] {dag.py:3036} INFO - Sync 1 DAGs
[2026-09-05T08:46:22.718+0000] {logging_mixin.py:188} INFO - [2026-09-05T08:46:22.717+0000] {dag.py:3823} INFO - Setting next_dagrun for road_accident_risk_pipeline to 2026-08-31 08:00:00+00:00, run_after=2026-09-07 08:00:00+00:00
[2026-09-05T08:46:22.734+0000] {processor.py:183} INFO - Processing /opt/airflow/dags/accident_etl_dag.py took 0.473 seconds
[2026-09-05T08:46:52.882+0000] {processor.py:161} INFO - Started process (PID=545) to work on /opt/airflow/dags/accident_etl_dag.py
[2026-09-05T08:46:52.883+0000] {processor.py:830} INFO - Processing file /opt/airflow/dags/accident_etl_dag.py for tasks to queue
[2026-09-05T08:46:52.884+0000] {logging_mixin.py:188} INFO - [2026-09-05T08:46:52.883+0000] {dagbag.py:538} INFO - Filling up the DagBag from /opt/airflow/dags/accident_etl_dag.py
[2026-09-05T08:46:53.299+0000] {processor.py:840} INFO - DAG(s) 'road_accident_risk_pipeline' retrieved from /opt/airflow/dags/accident_etl_dag.py
[2026-09-05T08:46:53.325+0000] {logging_mixin.py:188} INFO - [2026-09-05T08:46:53.324+0000] {dag.py:3036} INFO - Sync 1 DAGs
[2026-09-05T08:46:53.343+0000] {logging_mixin.py:188} INFO - [2026-09-05T08:46:53.343+0000] {dag.py:3823} INFO - Setting next_dagrun for road_accident_risk_pipeline to 2026-08-31 08:00:00+00:00, run_after=2026-09-07 08:00:00+00:00
[2026-09-05T08:46:53.357+0000] {processor.py:183} INFO - Processing /opt/airflow/dags/accident_etl_dag.py took 0.478 seconds
[2026-09-05T08:47:23.542+0000] {processor.py:161} INFO - Started process (PID=551) to work on /opt/airflow/dags/accident_etl_dag.py
[2026-09-05T08:47:23.544+0000] {processor.py:830} INFO - Processing file /opt/airflow/dags/accident_etl_dag.py for tasks to queue
[2026-09-05T08:47:23.545+0000] {logging_mixin.py:188} INFO - [2026-09-05T08:47:23.545+0000] {dagbag.py:538} INFO - Filling up the DagBag from /opt/airflow/dags/accident_etl_dag.py
[2026-09-05T08:47:24.378+0000] {processor.py:840} INFO - DAG(s) 'road_accident_risk_pipeline' retrieved from /opt/airflow/dags/accident_etl_dag.py
[2026-09-05T08:47:24.439+0000] {logging_mixin.py:188} INFO - [2026-09-05T08:47:24.438+0000] {dag.py:3036} INFO - Sync 1 DAGs
[2026-09-05T08:47:24.476+0000] {logging_mixin.py:188} INFO - [2026-09-05T08:47:24.476+0000] {dag.py:3823} INFO - Setting next_dagrun for road_accident_risk_pipeline to 2026-08-31 08:00:00+00:00, run_after=2026-09-07 08:00:00+00:00
[2026-09-05T08:47:24.510+0000] {processor.py:183} INFO - Processing /opt/airflow/dags/accident_etl_dag.py took 0.972 seconds
[2026-09-05T08:47:54.755+0000] {processor.py:161} INFO - Started process (PID=557) to work on /opt/airflow/dags/accident_etl_dag.py
[2026-09-05T08:47:54.757+0000] {processor.py:830} INFO - Processing file /opt/airflow/dags/accident_etl_dag.py for tasks to queue
[2026-09-05T08:47:54.758+0000] {logging_mixin.py:188} INFO - [2026-09-05T08:47:54.758+0000] {dagbag.py:538} INFO - Filling up the DagBag from /opt/airflow/dags/accident_etl_dag.py
[2026-09-05T08:47:55.406+0000] {processor.py:840} INFO - DAG(s) 'road_accident_risk_pipeline' retrieved from /opt/airflow/dags/accident_etl_dag.py
[2026-09-05T08:47:55.455+0000] {logging_mixin.py:188} INFO - [2026-09-05T08:47:55.455+0000] {dag.py:3036} INFO - Sync 1 DAGs
[2026-09-05T08:47:55.483+0000] {logging_mixin.py:188} INFO - [2026-09-05T08:47:55.482+0000] {dag.py:3823} INFO - Setting next_dagrun for road_accident_risk_pipeline to 2026-08-31 08:00:00+00:00, run_after=2026-09-07 08:00:00+00:00
[2026-09-05T08:47:55.503+0000] {processor.py:183} INFO - Processing /opt/airflow/dags/accident_etl_dag.py took 0.762 seconds
[2026-09-05T08:48:25.710+0000] {processor.py:161} INFO - Started process (PID=563) to work on /opt/airflow/dags/accident_etl_dag.py
[2026-09-05T08:48:25.711+0000] {processor.py:830} INFO - Processing file /opt/airflow/dags/accident_etl_dag.py for tasks to queue
[2026-09-05T08:48:25.712+0000] {logging_mixin.py:188} INFO - [2026-09-05T08:48:25.712+0000] {dagbag.py:538} INFO - Filling up the DagBag from /opt/airflow/dags/accident_etl_dag.py
[2026-09-05T08:48:26.111+0000] {processor.py:840} INFO - DAG(s) 'road_accident_risk_pipeline' retrieved from /opt/airflow/dags/accident_etl_dag.py
[2026-09-05T08:48:26.138+0000] {logging_mixin.py:188} INFO - [2026-09-05T08:48:26.137+0000] {dag.py:3036} INFO - Sync 1 DAGs
[2026-09-05T08:48:26.164+0000] {logging_mixin.py:188} INFO - [2026-09-05T08:48:26.164+0000] {dag.py:3823} INFO - Setting next_dagrun for road_accident_risk_pipeline to 2026-08-31 08:00:00+00:00, run_after=2026-09-07 08:00:00+00:00
[2026-09-05T08:48:26.179+0000] {processor.py:183} INFO - Processing /opt/airflow/dags/accident_etl_dag.py took 0.473 seconds
[2026-09-05T08:48:56.326+0000] {processor.py:161} INFO - Started process (PID=572) to work on /opt/airflow/dags/accident_etl_dag.py
[2026-09-05T08:48:56.327+0000] {processor.py:830} INFO - Processing file /opt/airflow/dags/accident_etl_dag.py for tasks to queue
[2026-09-05T08:48:56.328+0000] {logging_mixin.py:188} INFO - [2026-09-05T08:48:56.328+0000] {dagbag.py:538} INFO - Filling up the DagBag from /opt/airflow/dags/accident_etl_dag.py
[2026-09-05T08:48:56.882+0000] {processor.py:840} INFO - DAG(s) 'road_accident_risk_pipeline' retrieved from /opt/airflow/dags/accident_etl_dag.py
[2026-09-05T08:48:56.912+0000] {logging_mixin.py:188} INFO - [2026-09-05T08:48:56.912+0000] {dag.py:3036} INFO - Sync 1 DAGs
[2026-09-05T08:48:56.941+0000] {logging_mixin.py:188} INFO - [2026-09-05T08:48:56.940+0000] {dag.py:3823} INFO - Setting next_dagrun for road_accident_risk_pipeline to 2026-08-31 08:00:00+00:00, run_after=2026-09-07 08:00:00+00:00
[2026-09-05T08:48:56.967+0000] {processor.py:183} INFO - Processing /opt/airflow/dags/accident_etl_dag.py took 0.644 seconds
[2026-09-05T08:49:27.129+0000] {processor.py:161} INFO - Started process (PID=581) to work on /opt/airflow/dags/accident_etl_dag.py
[2026-09-05T08:49:27.130+0000] {processor.py:830} INFO - Processing file /opt/airflow/dags/accident_etl_dag.py for tasks to queue
[2026-09-05T08:49:27.131+0000] {logging_mixin.py:188} INFO - [2026-09-05T08:49:27.131+0000] {dagbag.py:538} INFO - Filling up the DagBag from /opt/airflow/dags/accident_etl_dag.py
[2026-09-05T08:49:27.732+0000] {processor.py:840} INFO - DAG(s) 'road_accident_risk_pipeline' retrieved from /opt/airflow/dags/accident_etl_dag.py
[2026-09-05T08:49:27.768+0000] {logging_mixin.py:188} INFO - [2026-09-05T08:49:27.768+0000] {dag.py:3036} INFO - Sync 1 DAGs
[2026-09-05T08:49:27.811+0000] {logging_mixin.py:188} INFO - [2026-09-05T08:49:27.810+0000] {dag.py:3823} INFO - Setting next_dagrun for road_accident_risk_pipeline to 2026-08-31 08:00:00+00:00, run_after=2026-09-07 08:00:00+00:00
[2026-09-05T08:49:27.836+0000] {processor.py:183} INFO - Processing /opt/airflow/dags/accident_etl_dag.py took 0.712 seconds
[2026-09-05T08:49:57.990+0000] {processor.py:161} INFO - Started process (PID=587) to work on /opt/airflow/dags/accident_etl_dag.py
[2026-09-05T08:49:57.991+0000] {processor.py:830} INFO - Processing file /opt/airflow/dags/accident_etl_dag.py for tasks to queue
[2026-09-05T08:49:57.992+0000] {logging_mixin.py:188} INFO - [2026-09-05T08:49:57.992+0000] {dagbag.py:538} INFO - Filling up the DagBag from /opt/airflow/dags/accident_etl_dag.py
[2026-09-05T08:49:58.509+0000] {processor.py:840} INFO - DAG(s) 'road_accident_risk_pipeline' retrieved from /opt/airflow/dags/accident_etl_dag.py
[2026-09-05T08:49:58.537+0000] {logging_mixin.py:188} INFO - [2026-09-05T08:49:58.537+0000] {dag.py:3036} INFO - Sync 1 DAGs
[2026-09-05T08:49:58.559+0000] {logging_mixin.py:188} INFO - [2026-09-05T08:49:58.559+0000] {dag.py:3823} INFO - Setting next_dagrun for road_accident_risk_pipeline to 2026-08-31 08:00:00+00:00, run_after=2026-09-07 08:00:00+00:00
[2026-09-05T08:49:58.574+0000] {processor.py:183} INFO - Processing /opt/airflow/dags/accident_etl_dag.py took 0.588 seconds
[2026-09-05T08:50:28.665+0000] {processor.py:161} INFO - Started process (PID=593) to work on /opt/airflow/dags/accident_etl_dag.py
[2026-09-05T08:50:28.666+0000] {processor.py:830} INFO - Processing file /opt/airflow/dags/accident_etl_dag.py for tasks to queue
[2026-09-05T08:50:28.667+0000] {logging_mixin.py:188} INFO - [2026-09-05T08:50:28.666+0000] {dagbag.py:538} INFO - Filling up the DagBag from /opt/airflow/dags/accident_etl_dag.py
[2026-09-05T08:50:29.118+0000] {processor.py:840} INFO - DAG(s) 'road_accident_risk_pipeline' retrieved from /opt/airflow/dags/accident_etl_dag.py
[2026-09-05T08:50:29.156+0000] {logging_mixin.py:188} INFO - [2026-09-05T08:50:29.155+0000] {dag.py:3036} INFO - Sync 1 DAGs
[2026-09-05T08:50:29.191+0000] {logging_mixin.py:188} INFO - [2026-09-05T08:50:29.191+0000] {dag.py:3823} INFO - Setting next_dagrun for road_accident_risk_pipeline to 2026-08-31 08:00:00+00:00, run_after=2026-09-07 08:00:00+00:00
[2026-09-05T08:50:29.210+0000] {processor.py:183} INFO - Processing /opt/airflow/dags/accident_etl_dag.py took 0.548 seconds
[2026-09-05T08:50:34.732+0000] {processor.py:161} INFO - Started process (PID=599) to work on /opt/airflow/dags/accident_etl_dag.py
[2026-09-05T08:50:34.733+0000] {processor.py:830} INFO - Processing file /opt/airflow/dags/accident_etl_dag.py for tasks to queue
[2026-09-05T08:50:34.734+0000] {logging_mixin.py:188} INFO - [2026-09-05T08:50:34.733+0000] {dagbag.py:538} INFO - Filling up the DagBag from /opt/airflow/dags/accident_etl_dag.py
[2026-09-05T08:50:35.135+0000] {processor.py:840} INFO - DAG(s) 'road_accident_risk_pipeline' retrieved from /opt/airflow/dags/accident_etl_dag.py
[2026-09-05T08:50:35.163+0000] {logging_mixin.py:188} INFO - [2026-09-05T08:50:35.162+0000] {dag.py:3036} INFO - Sync 1 DAGs
[2026-09-05T08:50:35.183+0000] {logging_mixin.py:188} INFO - [2026-09-05T08:50:35.182+0000] {dag.py:3823} INFO - Setting next_dagrun for road_accident_risk_pipeline to 2026-08-31 08:00:00+00:00, run_after=2026-09-07 08:00:00+00:00
[2026-09-05T08:50:35.201+0000] {processor.py:183} INFO - Processing /opt/airflow/dags/accident_etl_dag.py took 0.471 seconds
[2026-09-05T08:51:05.352+0000] {processor.py:161} INFO - Started process (PID=605) to work on /opt/airflow/dags/accident_etl_dag.py
[2026-09-05T08:51:05.353+0000] {processor.py:830} INFO - Processing file /opt/airflow/dags/accident_etl_dag.py for tasks to queue
[2026-09-05T08:51:05.354+0000] {logging_mixin.py:188} INFO - [2026-09-05T08:51:05.354+0000] {dagbag.py:538} INFO - Filling up the DagBag from /opt/airflow/dags/accident_etl_dag.py
[2026-09-05T08:51:05.770+0000] {processor.py:840} INFO - DAG(s) 'road_accident_risk_pipeline' retrieved from /opt/airflow/dags/accident_etl_dag.py
[2026-09-05T08:51:05.829+0000] {logging_mixin.py:188} INFO - [2026-09-05T08:51:05.828+0000] {dag.py:3036} INFO - Sync 1 DAGs
[2026-09-05T08:51:05.865+0000] {logging_mixin.py:188} INFO - [2026-09-05T08:51:05.865+0000] {dag.py:3823} INFO - Setting next_dagrun for road_accident_risk_pipeline to 2026-08-31 08:00:00+00:00, run_after=2026-09-07 08:00:00+00:00
[2026-09-05T08:51:05.881+0000] {processor.py:183} INFO - Processing /opt/airflow/dags/accident_etl_dag.py took 0.533 seconds
[2026-09-05T08:51:36.008+0000] {processor.py:161} INFO - Started process (PID=614) to work on /opt/airflow/dags/accident_etl_dag.py
[2026-09-05T08:51:36.012+0000] {processor.py:830} INFO - Processing file /opt/airflow/dags/accident_etl_dag.py for tasks to queue
[2026-09-05T08:51:36.013+0000] {logging_mixin.py:188} INFO - [2026-09-05T08:51:36.012+0000] {dagbag.py:538} INFO - Filling up the DagBag from /opt/airflow/dags/accident_etl_dag.py
[2026-09-05T08:51:36.435+0000] {processor.py:840} INFO - DAG(s) 'road_accident_risk_pipeline' retrieved from /opt/airflow/dags/accident_etl_dag.py
[2026-09-05T08:51:36.455+0000] {logging_mixin.py:188} INFO - [2026-09-05T08:51:36.455+0000] {dag.py:3036} INFO - Sync 1 DAGs
[2026-09-05T08:51:36.474+0000] {logging_mixin.py:188} INFO - [2026-09-05T08:51:36.473+0000] {dag.py:3823} INFO - Setting next_dagrun for road_accident_risk_pipeline to 2026-08-31 08:00:00+00:00, run_after=2026-09-07 08:00:00+00:00
[2026-09-05T08:51:36.488+0000] {processor.py:183} INFO - Processing /opt/airflow/dags/accident_etl_dag.py took 0.491 seconds
[2026-09-05T08:52:06.650+0000] {processor.py:161} INFO - Started process (PID=620) to work on /opt/airflow/dags/accident_etl_dag.py
[2026-09-05T08:52:06.651+0000] {processor.py:830} INFO - Processing file /opt/airflow/dags/accident_etl_dag.py for tasks to queue
[2026-09-05T08:52:06.652+0000] {logging_mixin.py:188} INFO - [2026-09-05T08:52:06.652+0000] {dagbag.py:538} INFO - Filling up the DagBag from /opt/airflow/dags/accident_etl_dag.py
[2026-09-05T08:52:07.123+0000] {processor.py:840} INFO - DAG(s) 'road_accident_risk_pipeline' retrieved from /opt/airflow/dags/accident_etl_dag.py
[2026-09-05T08:52:07.163+0000] {logging_mixin.py:188} INFO - [2026-09-05T08:52:07.163+0000] {dag.py:3036} INFO - Sync 1 DAGs
[2026-09-05T08:52:07.215+0000] {logging_mixin.py:188} INFO - [2026-09-05T08:52:07.214+0000] {dag.py:3823} INFO - Setting next_dagrun for road_accident_risk_pipeline to 2026-08-31 08:00:00+00:00, run_after=2026-09-07 08:00:00+00:00
[2026-09-05T08:52:07.243+0000] {processor.py:183} INFO - Processing /opt/airflow/dags/accident_etl_dag.py took 0.596 seconds
[2026-09-05T08:52:37.337+0000] {processor.py:161} INFO - Started process (PID=626) to work on /opt/airflow/dags/accident_etl_dag.py
[2026-09-05T08:52:37.338+0000] {processor.py:830} INFO - Processing file /opt/airflow/dags/accident_etl_dag.py for tasks to queue
[2026-09-05T08:52:37.339+0000] {logging_mixin.py:188} INFO - [2026-09-05T08:52:37.339+0000] {dagbag.py:538} INFO - Filling up the DagBag from /opt/airflow/dags/accident_etl_dag.py
[2026-09-05T08:52:37.852+0000] {processor.py:840} INFO - DAG(s) 'road_accident_risk_pipeline' retrieved from /opt/airflow/dags/accident_etl_dag.py
[2026-09-05T08:52:37.872+0000] {logging_mixin.py:188} INFO - [2026-09-05T08:52:37.872+0000] {dag.py:3036} INFO - Sync 1 DAGs
[2026-09-05T08:52:37.891+0000] {logging_mixin.py:188} INFO - [2026-09-05T08:52:37.891+0000] {dag.py:3823} INFO - Setting next_dagrun for road_accident_risk_pipeline to 2026-08-31 08:00:00+00:00, run_after=2026-09-07 08:00:00+00:00
[2026-09-05T08:52:37.906+0000] {processor.py:183} INFO - Processing /opt/airflow/dags/accident_etl_dag.py took 0.577 seconds
[2026-09-05T08:53:08.079+0000] {processor.py:161} INFO - Started process (PID=632) to work on /opt/airflow/dags/accident_etl_dag.py
[2026-09-05T08:53:08.080+0000] {processor.py:830} INFO - Processing file /opt/airflow/dags/accident_etl_dag.py for tasks to queue
[2026-09-05T08:53:08.080+0000] {logging_mixin.py:188} INFO - [2026-09-05T08:53:08.080+0000] {dagbag.py:538} INFO - Filling up the DagBag from /opt/airflow/dags/accident_etl_dag.py
[2026-09-05T08:53:08.491+0000] {processor.py:840} INFO - DAG(s) 'road_accident_risk_pipeline' retrieved from /opt/airflow/dags/accident_etl_dag.py
[2026-09-05T08:53:08.515+0000] {logging_mixin.py:188} INFO - [2026-09-05T08:53:08.515+0000] {dag.py:3036} INFO - Sync 1 DAGs
[2026-09-05T08:53:08.538+0000] {logging_mixin.py:188} INFO - [2026-09-05T08:53:08.537+0000] {dag.py:3823} INFO - Setting next_dagrun for road_accident_risk_pipeline to 2026-08-31 08:00:00+00:00, run_after=2026-09-07 08:00:00+00:00
[2026-09-05T08:53:08.552+0000] {processor.py:183} INFO - Processing /opt/airflow/dags/accident_etl_dag.py took 0.477 seconds
[2026-09-05T08:53:28.601+0000] {processor.py:161} INFO - Started process (PID=638) to work on /opt/airflow/dags/accident_etl_dag.py
[2026-09-05T08:53:28.602+0000] {processor.py:830} INFO - Processing file /opt/airflow/dags/accident_etl_dag.py for tasks to queue
[2026-09-05T08:53:28.603+0000] {logging_mixin.py:188} INFO - [2026-09-05T08:53:28.603+0000] {dagbag.py:538} INFO - Filling up the DagBag from /opt/airflow/dags/accident_etl_dag.py
[2026-09-05T08:53:29.033+0000] {processor.py:840} INFO - DAG(s) 'road_accident_risk_pipeline' retrieved from /opt/airflow/dags/accident_etl_dag.py
[2026-09-05T08:53:29.055+0000] {logging_mixin.py:188} INFO - [2026-09-05T08:53:29.055+0000] {dag.py:3036} INFO - Sync 1 DAGs
[2026-09-05T08:53:29.074+0000] {logging_mixin.py:188} INFO - [2026-09-05T08:53:29.074+0000] {dag.py:3823} INFO - Setting next_dagrun for road_accident_risk_pipeline to 2026-08-31 08:00:00+00:00, run_after=2026-09-07 08:00:00+00:00
[2026-09-05T08:53:29.090+0000] {processor.py:183} INFO - Processing /opt/airflow/dags/accident_etl_dag.py took 0.492 seconds
[2026-09-05T08:53:29.654+0000] {processor.py:161} INFO - Started process (PID=644) to work on /opt/airflow/dags/accident_etl_dag.py
[2026-09-05T08:53:29.655+0000] {processor.py:830} INFO - Processing file /opt/airflow/dags/accident_etl_dag.py for tasks to queue
[2026-09-05T08:53:29.656+0000] {logging_mixin.py:188} INFO - [2026-09-05T08:53:29.656+0000] {dagbag.py:538} INFO - Filling up the DagBag from /opt/airflow/dags/accident_etl_dag.py
[2026-09-05T08:53:30.057+0000] {processor.py:840} INFO - DAG(s) 'road_accident_risk_pipeline' retrieved from /opt/airflow/dags/accident_etl_dag.py
[2026-09-05T08:53:30.083+0000] {logging_mixin.py:188} INFO - [2026-09-05T08:53:30.083+0000] {dag.py:3036} INFO - Sync 1 DAGs
[2026-09-05T08:53:30.102+0000] {logging_mixin.py:188} INFO - [2026-09-05T08:53:30.102+0000] {dag.py:3823} INFO - Setting next_dagrun for road_accident_risk_pipeline to 2026-08-31 08:00:00+00:00, run_after=2026-09-07 08:00:00+00:00
[2026-09-05T08:53:30.129+0000] {processor.py:183} INFO - Processing /opt/airflow/dags/accident_etl_dag.py took 0.477 seconds
[2026-09-05T08:54:00.267+0000] {processor.py:161} INFO - Started process (PID=653) to work on /opt/airflow/dags/accident_etl_dag.py
[2026-09-05T08:54:00.268+0000] {processor.py:830} INFO - Processing file /opt/airflow/dags/accident_etl_dag.py for tasks to queue
[2026-09-05T08:54:00.269+0000] {logging_mixin.py:188} INFO - [2026-09-05T08:54:00.268+0000] {dagbag.py:538} INFO - Filling up the DagBag from /opt/airflow/dags/accident_etl_dag.py
[2026-09-05T08:54:00.678+0000] {processor.py:840} INFO - DAG(s) 'road_accident_risk_pipeline' retrieved from /opt/airflow/dags/accident_etl_dag.py
[2026-09-05T08:54:00.698+0000] {logging_mixin.py:188} INFO - [2026-09-05T08:54:00.698+0000] {dag.py:3036} INFO - Sync 1 DAGs
[2026-09-05T08:54:00.723+0000] {logging_mixin.py:188} INFO - [2026-09-05T08:54:00.723+0000] {dag.py:3823} INFO - Setting next_dagrun for road_accident_risk_pipeline to 2026-08-31 08:00:00+00:00, run_after=2026-09-07 08:00:00+00:00
[2026-09-05T08:54:00.738+0000] {processor.py:183} INFO - Processing /opt/airflow/dags/accident_etl_dag.py took 0.474 seconds
[2026-09-05T08:54:30.882+0000] {processor.py:161} INFO - Started process (PID=659) to work on /opt/airflow/dags/accident_etl_dag.py
[2026-09-05T08:54:30.883+0000] {processor.py:830} INFO - Processing file /opt/airflow/dags/accident_etl_dag.py for tasks to queue
[2026-09-05T08:54:30.884+0000] {logging_mixin.py:188} INFO - [2026-09-05T08:54:30.884+0000] {dagbag.py:538} INFO - Filling up the DagBag from /opt/airflow/dags/accident_etl_dag.py
[2026-09-05T08:54:31.291+0000] {processor.py:840} INFO - DAG(s) 'road_accident_risk_pipeline' retrieved from /opt/airflow/dags/accident_etl_dag.py
[2026-09-05T08:54:31.316+0000] {logging_mixin.py:188} INFO - [2026-09-05T08:54:31.315+0000] {dag.py:3036} INFO - Sync 1 DAGs
[2026-09-05T08:54:31.338+0000] {logging_mixin.py:188} INFO - [2026-09-05T08:54:31.337+0000] {dag.py:3823} INFO - Setting next_dagrun for road_accident_risk_pipeline to 2026-08-31 08:00:00+00:00, run_after=2026-09-07 08:00:00+00:00
[2026-09-05T08:54:31.352+0000] {processor.py:183} INFO - Processing /opt/airflow/dags/accident_etl_dag.py took 0.472 seconds
[2026-09-05T08:55:01.489+0000] {processor.py:161} INFO - Started process (PID=668) to work on /opt/airflow/dags/accident_etl_dag.py
[2026-09-05T08:55:01.490+0000] {processor.py:830} INFO - Processing file /opt/airflow/dags/accident_etl_dag.py for tasks to queue
[2026-09-05T08:55:01.491+0000] {logging_mixin.py:188} INFO - [2026-09-05T08:55:01.491+0000] {dagbag.py:538} INFO - Filling up the DagBag from /opt/airflow/dags/accident_etl_dag.py
[2026-09-05T08:55:01.926+0000] {processor.py:840} INFO - DAG(s) 'road_accident_risk_pipeline' retrieved from /opt/airflow/dags/accident_etl_dag.py
[2026-09-05T08:55:01.952+0000] {logging_mixin.py:188} INFO - [2026-09-05T08:55:01.952+0000] {dag.py:3036} INFO - Sync 1 DAGs
[2026-09-05T08:55:01.985+0000] {logging_mixin.py:188} INFO - [2026-09-05T08:55:01.985+0000] {dag.py:3823} INFO - Setting next_dagrun for road_accident_risk_pipeline to 2026-08-31 08:00:00+00:00, run_after=2026-09-07 08:00:00+00:00
[2026-09-05T08:55:02.008+0000] {processor.py:183} INFO - Processing /opt/airflow/dags/accident_etl_dag.py took 0.522 seconds
[2026-09-05T08:55:32.130+0000] {processor.py:161} INFO - Started process (PID=674) to work on /opt/airflow/dags/accident_etl_dag.py
[2026-09-05T08:55:32.131+0000] {processor.py:830} INFO - Processing file /opt/airflow/dags/accident_etl_dag.py for tasks to queue
[2026-09-05T08:55:32.131+0000] {logging_mixin.py:188} INFO - [2026-09-05T08:55:32.131+0000] {dagbag.py:538} INFO - Filling up the DagBag from /opt/airflow/dags/accident_etl_dag.py
[2026-09-05T08:55:32.714+0000] {processor.py:840} INFO - DAG(s) 'road_accident_risk_pipeline' retrieved from /opt/airflow/dags/accident_etl_dag.py
[2026-09-05T08:55:32.738+0000] {logging_mixin.py:188} INFO - [2026-09-05T08:55:32.737+0000] {dag.py:3036} INFO - Sync 1 DAGs
[2026-09-05T08:55:32.762+0000] {logging_mixin.py:188} INFO - [2026-09-05T08:55:32.762+0000] {dag.py:3823} INFO - Setting next_dagrun for road_accident_risk_pipeline to 2026-08-31 08:00:00+00:00, run_after=2026-09-07 08:00:00+00:00
[2026-09-05T08:55:32.779+0000] {processor.py:183} INFO - Processing /opt/airflow/dags/accident_etl_dag.py took 0.652 seconds
[2026-09-05T08:56:02.932+0000] {processor.py:161} INFO - Started process (PID=683) to work on /opt/airflow/dags/accident_etl_dag.py
[2026-09-05T08:56:02.933+0000] {processor.py:830} INFO - Processing file /opt/airflow/dags/accident_etl_dag.py for tasks to queue
[2026-09-05T08:56:02.934+0000] {logging_mixin.py:188} INFO - [2026-09-05T08:56:02.933+0000] {dagbag.py:538} INFO - Filling up the DagBag from /opt/airflow/dags/accident_etl_dag.py
[2026-09-05T08:56:03.330+0000] {processor.py:840} INFO - DAG(s) 'road_accident_risk_pipeline' retrieved from /opt/airflow/dags/accident_etl_dag.py
[2026-09-05T08:56:03.352+0000] {logging_mixin.py:188} INFO - [2026-09-05T08:56:03.352+0000] {dag.py:3036} INFO - Sync 1 DAGs
[2026-09-05T08:56:03.373+0000] {logging_mixin.py:188} INFO - [2026-09-05T08:56:03.372+0000] {dag.py:3823} INFO - Setting next_dagrun for road_accident_risk_pipeline to 2026-08-31 08:00:00+00:00, run_after=2026-09-07 08:00:00+00:00
[2026-09-05T08:56:03.387+0000] {processor.py:183} INFO - Processing /opt/airflow/dags/accident_etl_dag.py took 0.458 seconds
[2026-09-05T08:56:33.516+0000] {processor.py:161} INFO - Started process (PID=689) to work on /opt/airflow/dags/accident_etl_dag.py
[2026-09-05T08:56:33.517+0000] {processor.py:830} INFO - Processing file /opt/airflow/dags/accident_etl_dag.py for tasks to queue
[2026-09-05T08:56:33.518+0000] {logging_mixin.py:188} INFO - [2026-09-05T08:56:33.518+0000] {dagbag.py:538} INFO - Filling up the DagBag from /opt/airflow/dags/accident_etl_dag.py
[2026-09-05T08:56:34.025+0000] {processor.py:840} INFO - DAG(s) 'road_accident_risk_pipeline' retrieved from /opt/airflow/dags/accident_etl_dag.py
[2026-09-05T08:56:34.045+0000] {logging_mixin.py:188} INFO - [2026-09-05T08:56:34.044+0000] {dag.py:3036} INFO - Sync 1 DAGs
[2026-09-05T08:56:34.063+0000] {logging_mixin.py:188} INFO - [2026-09-05T08:56:34.063+0000] {dag.py:3823} INFO - Setting next_dagrun for road_accident_risk_pipeline to 2026-08-31 08:00:00+00:00, run_after=2026-09-07 08:00:00+00:00
[2026-09-05T08:56:34.078+0000] {processor.py:183} INFO - Processing /opt/airflow/dags/accident_etl_dag.py took 0.567 seconds
[2026-09-05T08:57:04.242+0000] {processor.py:161} INFO - Started process (PID=695) to work on /opt/airflow/dags/accident_etl_dag.py
[2026-09-05T08:57:04.244+0000] {processor.py:830} INFO - Processing file /opt/airflow/dags/accident_etl_dag.py for tasks to queue
[2026-09-05T08:57:04.245+0000] {logging_mixin.py:188} INFO - [2026-09-05T08:57:04.244+0000] {dagbag.py:538} INFO - Filling up the DagBag from /opt/airflow/dags/accident_etl_dag.py
[2026-09-05T08:57:04.682+0000] {processor.py:840} INFO - DAG(s) 'road_accident_risk_pipeline' retrieved from /opt/airflow/dags/accident_etl_dag.py
[2026-09-05T08:57:04.706+0000] {logging_mixin.py:188} INFO - [2026-09-05T08:57:04.705+0000] {dag.py:3036} INFO - Sync 1 DAGs
[2026-09-05T08:57:04.740+0000] {logging_mixin.py:188} INFO - [2026-09-05T08:57:04.740+0000] {dag.py:3823} INFO - Setting next_dagrun for road_accident_risk_pipeline to 2026-08-31 08:00:00+00:00, run_after=2026-09-07 08:00:00+00:00
[2026-09-05T08:57:04.755+0000] {processor.py:183} INFO - Processing /opt/airflow/dags/accident_etl_dag.py took 0.517 seconds
[2026-09-05T08:57:34.888+0000] {processor.py:161} INFO - Started process (PID=704) to work on /opt/airflow/dags/accident_etl_dag.py
[2026-09-05T08:57:34.889+0000] {processor.py:830} INFO - Processing file /opt/airflow/dags/accident_etl_dag.py for tasks to queue
[2026-09-05T08:57:34.889+0000] {logging_mixin.py:188} INFO - [2026-09-05T08:57:34.889+0000] {dagbag.py:538} INFO - Filling up the DagBag from /opt/airflow/dags/accident_etl_dag.py
[2026-09-05T08:57:35.298+0000] {processor.py:840} INFO - DAG(s) 'road_accident_risk_pipeline' retrieved from /opt/airflow/dags/accident_etl_dag.py
[2026-09-05T08:57:35.324+0000] {logging_mixin.py:188} INFO - [2026-09-05T08:57:35.323+0000] {dag.py:3036} INFO - Sync 1 DAGs
[2026-09-05T08:57:35.350+0000] {logging_mixin.py:188} INFO - [2026-09-05T08:57:35.350+0000] {dag.py:3823} INFO - Setting next_dagrun for road_accident_risk_pipeline to 2026-08-31 08:00:00+00:00, run_after=2026-09-07 08:00:00+00:00
[2026-09-05T08:57:35.371+0000] {processor.py:183} INFO - Processing /opt/airflow/dags/accident_etl_dag.py took 0.486 seconds
[2026-09-05T08:58:05.526+0000] {processor.py:161} INFO - Started process (PID=710) to work on /opt/airflow/dags/accident_etl_dag.py
[2026-09-05T08:58:05.527+0000] {processor.py:830} INFO - Processing file /opt/airflow/dags/accident_etl_dag.py for tasks to queue
[2026-09-05T08:58:05.528+0000] {logging_mixin.py:188} INFO - [2026-09-05T08:58:05.527+0000] {dagbag.py:538} INFO - Filling up the DagBag from /opt/airflow/dags/accident_etl_dag.py
[2026-09-05T08:58:05.964+0000] {processor.py:840} INFO - DAG(s) 'road_accident_risk_pipeline' retrieved from /opt/airflow/dags/accident_etl_dag.py
[2026-09-05T08:58:05.984+0000] {logging_mixin.py:188} INFO - [2026-09-05T08:58:05.984+0000] {dag.py:3036} INFO - Sync 1 DAGs
[2026-09-05T08:58:06.004+0000] {logging_mixin.py:188} INFO - [2026-09-05T08:58:06.004+0000] {dag.py:3823} INFO - Setting next_dagrun for road_accident_risk_pipeline to 2026-08-31 08:00:00+00:00, run_after=2026-09-07 08:00:00+00:00
[2026-09-05T08:58:06.024+0000] {processor.py:183} INFO - Processing /opt/airflow/dags/accident_etl_dag.py took 0.502 seconds
[2026-09-05T08:58:33.143+0000] {processor.py:161} INFO - Started process (PID=716) to work on /opt/airflow/dags/accident_etl_dag.py
[2026-09-05T08:58:33.143+0000] {processor.py:830} INFO - Processing file /opt/airflow/dags/accident_etl_dag.py for tasks to queue
[2026-09-05T08:58:33.144+0000] {logging_mixin.py:188} INFO - [2026-09-05T08:58:33.144+0000] {dagbag.py:538} INFO - Filling up the DagBag from /opt/airflow/dags/accident_etl_dag.py
[2026-09-05T08:58:33.552+0000] {processor.py:840} INFO - DAG(s) 'road_accident_risk_pipeline' retrieved from /opt/airflow/dags/accident_etl_dag.py
[2026-09-05T08:58:33.580+0000] {logging_mixin.py:188} INFO - [2026-09-05T08:58:33.580+0000] {dag.py:3036} INFO - Sync 1 DAGs
[2026-09-05T08:58:33.612+0000] {logging_mixin.py:188} INFO - [2026-09-05T08:58:33.611+0000] {dag.py:3823} INFO - Setting next_dagrun for road_accident_risk_pipeline to 2026-08-31 08:00:00+00:00, run_after=2026-09-07 08:00:00+00:00
[2026-09-05T08:58:33.635+0000] {processor.py:183} INFO - Processing /opt/airflow/dags/accident_etl_dag.py took 0.495 seconds
[2026-09-05T08:58:40.721+0000] {processor.py:161} INFO - Started process (PID=722) to work on /opt/airflow/dags/accident_etl_dag.py
[2026-09-05T08:58:40.722+0000] {processor.py:830} INFO - Processing file /opt/airflow/dags/accident_etl_dag.py for tasks to queue
[2026-09-05T08:58:40.723+0000] {logging_mixin.py:188} INFO - [2026-09-05T08:58:40.723+0000] {dagbag.py:538} INFO - Filling up the DagBag from /opt/airflow/dags/accident_etl_dag.py
[2026-09-05T08:58:41.272+0000] {processor.py:840} INFO - DAG(s) 'road_accident_risk_pipeline' retrieved from /opt/airflow/dags/accident_etl_dag.py
[2026-09-05T08:58:41.294+0000] {logging_mixin.py:188} INFO - [2026-09-05T08:58:41.294+0000] {dag.py:3036} INFO - Sync 1 DAGs
[2026-09-05T08:58:41.319+0000] {logging_mixin.py:188} INFO - [2026-09-05T08:58:41.318+0000] {dag.py:3823} INFO - Setting next_dagrun for road_accident_risk_pipeline to 2026-08-31 08:00:00+00:00, run_after=2026-09-07 08:00:00+00:00
[2026-09-05T08:58:41.340+0000] {processor.py:183} INFO - Processing /opt/airflow/dags/accident_etl_dag.py took 0.622 seconds
[2026-09-05T08:58:42.198+0000] {processor.py:161} INFO - Started process (PID=728) to work on /opt/airflow/dags/accident_etl_dag.py
[2026-09-05T08:58:42.199+0000] {processor.py:830} INFO - Processing file /opt/airflow/dags/accident_etl_dag.py for tasks to queue
[2026-09-05T08:58:42.200+0000] {logging_mixin.py:188} INFO - [2026-09-05T08:58:42.199+0000] {dagbag.py:538} INFO - Filling up the DagBag from /opt/airflow/dags/accident_etl_dag.py
[2026-09-05T08:58:42.602+0000] {processor.py:840} INFO - DAG(s) 'road_accident_risk_pipeline' retrieved from /opt/airflow/dags/accident_etl_dag.py
[2026-09-05T08:58:42.627+0000] {logging_mixin.py:188} INFO - [2026-09-05T08:58:42.627+0000] {dag.py:3036} INFO - Sync 1 DAGs
[2026-09-05T08:58:42.646+0000] {logging_mixin.py:188} INFO - [2026-09-05T08:58:42.646+0000] {dag.py:3823} INFO - Setting next_dagrun for road_accident_risk_pipeline to 2026-08-31 08:00:00+00:00, run_after=2026-09-07 08:00:00+00:00
[2026-09-05T08:58:42.662+0000] {processor.py:183} INFO - Processing /opt/airflow/dags/accident_etl_dag.py took 0.467 seconds
[2026-09-05T08:58:57.450+0000] {processor.py:161} INFO - Started process (PID=734) to work on /opt/airflow/dags/accident_etl_dag.py
[2026-09-05T08:58:57.451+0000] {processor.py:830} INFO - Processing file /opt/airflow/dags/accident_etl_dag.py for tasks to queue
[2026-09-05T08:58:57.452+0000] {logging_mixin.py:188} INFO - [2026-09-05T08:58:57.452+0000] {dagbag.py:538} INFO - Filling up the DagBag from /opt/airflow/dags/accident_etl_dag.py
[2026-09-05T08:58:57.933+0000] {processor.py:840} INFO - DAG(s) 'road_accident_risk_pipeline' retrieved from /opt/airflow/dags/accident_etl_dag.py
[2026-09-05T08:58:57.953+0000] {logging_mixin.py:188} INFO - [2026-09-05T08:58:57.952+0000] {dag.py:3036} INFO - Sync 1 DAGs
[2026-09-05T08:58:57.971+0000] {logging_mixin.py:188} INFO - [2026-09-05T08:58:57.971+0000] {dag.py:3823} INFO - Setting next_dagrun for road_accident_risk_pipeline to 2026-08-31 08:00:00+00:00, run_after=2026-09-07 08:00:00+00:00
[2026-09-05T08:58:57.987+0000] {processor.py:183} INFO - Processing /opt/airflow/dags/accident_etl_dag.py took 0.540 seconds
[2026-09-05T08:59:23.874+0000] {processor.py:161} INFO - Started process (PID=740) to work on /opt/airflow/dags/accident_etl_dag.py
[2026-09-05T08:59:23.875+0000] {processor.py:830} INFO - Processing file /opt/airflow/dags/accident_etl_dag.py for tasks to queue
[2026-09-05T08:59:23.876+0000] {logging_mixin.py:188} INFO - [2026-09-05T08:59:23.876+0000] {dagbag.py:538} INFO - Filling up the DagBag from /opt/airflow/dags/accident_etl_dag.py
[2026-09-05T08:59:24.315+0000] {processor.py:840} INFO - DAG(s) 'road_accident_risk_pipeline' retrieved from /opt/airflow/dags/accident_etl_dag.py
[2026-09-05T08:59:24.345+0000] {logging_mixin.py:188} INFO - [2026-09-05T08:59:24.344+0000] {dag.py:3036} INFO - Sync 1 DAGs
[2026-09-05T08:59:24.366+0000] {logging_mixin.py:188} INFO - [2026-09-05T08:59:24.366+0000] {dag.py:3823} INFO - Setting next_dagrun for road_accident_risk_pipeline to 2026-08-31 08:00:00+00:00, run_after=2026-09-07 08:00:00+00:00
[2026-09-05T08:59:24.383+0000] {processor.py:183} INFO - Processing /opt/airflow/dags/accident_etl_dag.py took 0.515 seconds
[2026-09-05T08:59:54.526+0000] {processor.py:161} INFO - Started process (PID=746) to work on /opt/airflow/dags/accident_etl_dag.py
[2026-09-05T08:59:54.527+0000] {processor.py:830} INFO - Processing file /opt/airflow/dags/accident_etl_dag.py for tasks to queue
[2026-09-05T08:59:54.528+0000] {logging_mixin.py:188} INFO - [2026-09-05T08:59:54.527+0000] {dagbag.py:538} INFO - Filling up the DagBag from /opt/airflow/dags/accident_etl_dag.py
[2026-09-05T08:59:54.964+0000] {processor.py:840} INFO - DAG(s) 'road_accident_risk_pipeline' retrieved from /opt/airflow/dags/accident_etl_dag.py
[2026-09-05T08:59:54.999+0000] {logging_mixin.py:188} INFO - [2026-09-05T08:59:54.999+0000] {dag.py:3036} INFO - Sync 1 DAGs
[2026-09-05T08:59:55.028+0000] {logging_mixin.py:188} INFO - [2026-09-05T08:59:55.028+0000] {dag.py:3823} INFO - Setting next_dagrun for road_accident_risk_pipeline to 2026-08-31 08:00:00+00:00, run_after=2026-09-07 08:00:00+00:00
[2026-09-05T08:59:55.052+0000] {processor.py:183} INFO - Processing /opt/airflow/dags/accident_etl_dag.py took 0.530 seconds
[2026-09-05T09:00:25.242+0000] {processor.py:161} INFO - Started process (PID=752) to work on /opt/airflow/dags/accident_etl_dag.py
[2026-09-05T09:00:25.243+0000] {processor.py:830} INFO - Processing file /opt/airflow/dags/accident_etl_dag.py for tasks to queue
[2026-09-05T09:00:25.244+0000] {logging_mixin.py:188} INFO - [2026-09-05T09:00:25.243+0000] {dagbag.py:538} INFO - Filling up the DagBag from /opt/airflow/dags/accident_etl_dag.py
[2026-09-05T09:00:25.646+0000] {processor.py:840} INFO - DAG(s) 'road_accident_risk_pipeline' retrieved from /opt/airflow/dags/accident_etl_dag.py
[2026-09-05T09:00:25.673+0000] {logging_mixin.py:188} INFO - [2026-09-05T09:00:25.673+0000] {dag.py:3036} INFO - Sync 1 DAGs
[2026-09-05T09:00:25.705+0000] {logging_mixin.py:188} INFO - [2026-09-05T09:00:25.704+0000] {dag.py:3823} INFO - Setting next_dagrun for road_accident_risk_pipeline to 2026-08-31 08:00:00+00:00, run_after=2026-09-07 08:00:00+00:00
[2026-09-05T09:00:25.734+0000] {processor.py:183} INFO - Processing /opt/airflow/dags/accident_etl_dag.py took 0.495 seconds
[2026-09-05T09:00:55.861+0000] {processor.py:161} INFO - Started process (PID=758) to work on /opt/airflow/dags/accident_etl_dag.py
[2026-09-05T09:00:55.862+0000] {processor.py:830} INFO - Processing file /opt/airflow/dags/accident_etl_dag.py for tasks to queue
[2026-09-05T09:00:55.862+0000] {logging_mixin.py:188} INFO - [2026-09-05T09:00:55.862+0000] {dagbag.py:538} INFO - Filling up the DagBag from /opt/airflow/dags/accident_etl_dag.py
[2026-09-05T09:00:56.256+0000] {processor.py:840} INFO - DAG(s) 'road_accident_risk_pipeline' retrieved from /opt/airflow/dags/accident_etl_dag.py
[2026-09-05T09:00:56.276+0000] {logging_mixin.py:188} INFO - [2026-09-05T09:00:56.276+0000] {dag.py:3036} INFO - Sync 1 DAGs
[2026-09-05T09:00:56.303+0000] {logging_mixin.py:188} INFO - [2026-09-05T09:00:56.302+0000] {dag.py:3823} INFO - Setting next_dagrun for road_accident_risk_pipeline to 2026-08-31 08:00:00+00:00, run_after=2026-09-07 08:00:00+00:00
[2026-09-05T09:00:56.321+0000] {processor.py:183} INFO - Processing /opt/airflow/dags/accident_etl_dag.py took 0.463 seconds
[2026-09-05T09:01:26.465+0000] {processor.py:161} INFO - Started process (PID=764) to work on /opt/airflow/dags/accident_etl_dag.py
[2026-09-05T09:01:26.466+0000] {processor.py:830} INFO - Processing file /opt/airflow/dags/accident_etl_dag.py for tasks to queue
[2026-09-05T09:01:26.467+0000] {logging_mixin.py:188} INFO - [2026-09-05T09:01:26.467+0000] {dagbag.py:538} INFO - Filling up the DagBag from /opt/airflow/dags/accident_etl_dag.py
[2026-09-05T09:01:26.953+0000] {processor.py:840} INFO - DAG(s) 'road_accident_risk_pipeline' retrieved from /opt/airflow/dags/accident_etl_dag.py
[2026-09-05T09:01:26.983+0000] {logging_mixin.py:188} INFO - [2026-09-05T09:01:26.981+0000] {dag.py:3036} INFO - Sync 1 DAGs
[2026-09-05T09:01:27.003+0000] {logging_mixin.py:188} INFO - [2026-09-05T09:01:27.003+0000] {dag.py:3823} INFO - Setting next_dagrun for road_accident_risk_pipeline to 2026-08-31 08:00:00+00:00, run_after=2026-09-07 08:00:00+00:00
[2026-09-05T09:01:27.024+0000] {processor.py:183} INFO - Processing /opt/airflow/dags/accident_etl_dag.py took 0.561 seconds
[2026-09-05T09:01:57.107+0000] {processor.py:161} INFO - Started process (PID=770) to work on /opt/airflow/dags/accident_etl_dag.py
[2026-09-05T09:01:57.108+0000] {processor.py:830} INFO - Processing file /opt/airflow/dags/accident_etl_dag.py for tasks to queue
[2026-09-05T09:01:57.109+0000] {logging_mixin.py:188} INFO - [2026-09-05T09:01:57.109+0000] {dagbag.py:538} INFO - Filling up the DagBag from /opt/airflow/dags/accident_etl_dag.py
[2026-09-05T09:01:57.526+0000] {processor.py:840} INFO - DAG(s) 'road_accident_risk_pipeline' retrieved from /opt/airflow/dags/accident_etl_dag.py
[2026-09-05T09:01:57.546+0000] {logging_mixin.py:188} INFO - [2026-09-05T09:01:57.545+0000] {dag.py:3036} INFO - Sync 1 DAGs
[2026-09-05T09:01:57.564+0000] {logging_mixin.py:188} INFO - [2026-09-05T09:01:57.564+0000] {dag.py:3823} INFO - Setting next_dagrun for road_accident_risk_pipeline to 2026-08-31 08:00:00+00:00, run_after=2026-09-07 08:00:00+00:00
[2026-09-05T09:01:57.579+0000] {processor.py:183} INFO - Processing /opt/airflow/dags/accident_etl_dag.py took 0.477 seconds
[2026-09-05T09:02:27.733+0000] {processor.py:161} INFO - Started process (PID=776) to work on /opt/airflow/dags/accident_etl_dag.py
[2026-09-05T09:02:27.735+0000] {processor.py:830} INFO - Processing file /opt/airflow/dags/accident_etl_dag.py for tasks to queue
[2026-09-05T09:02:27.736+0000] {logging_mixin.py:188} INFO - [2026-09-05T09:02:27.736+0000] {dagbag.py:538} INFO - Filling up the DagBag from /opt/airflow/dags/accident_etl_dag.py
[2026-09-05T09:02:28.249+0000] {processor.py:840} INFO - DAG(s) 'road_accident_risk_pipeline' retrieved from /opt/airflow/dags/accident_etl_dag.py
[2026-09-05T09:02:28.285+0000] {logging_mixin.py:188} INFO - [2026-09-05T09:02:28.284+0000] {dag.py:3036} INFO - Sync 1 DAGs
[2026-09-05T09:02:28.305+0000] {logging_mixin.py:188} INFO - [2026-09-05T09:02:28.304+0000] {dag.py:3823} INFO - Setting next_dagrun for road_accident_risk_pipeline to 2026-08-31 08:00:00+00:00, run_after=2026-09-07 08:00:00+00:00
[2026-09-05T09:02:28.324+0000] {processor.py:183} INFO - Processing /opt/airflow/dags/accident_etl_dag.py took 0.595 seconds
[2026-09-05T09:02:58.419+0000] {processor.py:161} INFO - Started process (PID=782) to work on /opt/airflow/dags/accident_etl_dag.py
[2026-09-05T09:02:58.420+0000] {processor.py:830} INFO - Processing file /opt/airflow/dags/accident_etl_dag.py for tasks to queue
[2026-09-05T09:02:58.421+0000] {logging_mixin.py:188} INFO - [2026-09-05T09:02:58.421+0000] {dagbag.py:538} INFO - Filling up the DagBag from /opt/airflow/dags/accident_etl_dag.py
[2026-09-05T09:02:58.903+0000] {processor.py:840} INFO - DAG(s) 'road_accident_risk_pipeline' retrieved from /opt/airflow/dags/accident_etl_dag.py
[2026-09-05T09:02:58.928+0000] {logging_mixin.py:188} INFO - [2026-09-05T09:02:58.927+0000] {dag.py:3036} INFO - Sync 1 DAGs
[2026-09-05T09:02:58.946+0000] {logging_mixin.py:188} INFO - [2026-09-05T09:02:58.946+0000] {dag.py:3823} INFO - Setting next_dagrun for road_accident_risk_pipeline to 2026-08-31 08:00:00+00:00, run_after=2026-09-07 08:00:00+00:00
[2026-09-05T09:02:58.961+0000] {processor.py:183} INFO - Processing /opt/airflow/dags/accident_etl_dag.py took 0.545 seconds
[2026-09-05T09:03:29.113+0000] {processor.py:161} INFO - Started process (PID=788) to work on /opt/airflow/dags/accident_etl_dag.py
[2026-09-05T09:03:29.114+0000] {processor.py:830} INFO - Processing file /opt/airflow/dags/accident_etl_dag.py for tasks to queue
[2026-09-05T09:03:29.115+0000] {logging_mixin.py:188} INFO - [2026-09-05T09:03:29.115+0000] {dagbag.py:538} INFO - Filling up the DagBag from /opt/airflow/dags/accident_etl_dag.py
[2026-09-05T09:03:29.530+0000] {processor.py:840} INFO - DAG(s) 'road_accident_risk_pipeline' retrieved from /opt/airflow/dags/accident_etl_dag.py
[2026-09-05T09:03:29.550+0000] {logging_mixin.py:188} INFO - [2026-09-05T09:03:29.550+0000] {dag.py:3036} INFO - Sync 1 DAGs
[2026-09-05T09:03:29.569+0000] {logging_mixin.py:188} INFO - [2026-09-05T09:03:29.568+0000] {dag.py:3823} INFO - Setting next_dagrun for road_accident_risk_pipeline to 2026-08-31 08:00:00+00:00, run_after=2026-09-07 08:00:00+00:00
[2026-09-05T09:03:29.584+0000] {processor.py:183} INFO - Processing /opt/airflow/dags/accident_etl_dag.py took 0.475 seconds
[2026-09-05T09:03:59.720+0000] {processor.py:161} INFO - Started process (PID=794) to work on /opt/airflow/dags/accident_etl_dag.py
[2026-09-05T09:03:59.721+0000] {processor.py:830} INFO - Processing file /opt/airflow/dags/accident_etl_dag.py for tasks to queue
[2026-09-05T09:03:59.722+0000] {logging_mixin.py:188} INFO - [2026-09-05T09:03:59.722+0000] {dagbag.py:538} INFO - Filling up the DagBag from /opt/airflow/dags/accident_etl_dag.py
[2026-09-05T09:04:00.388+0000] {processor.py:840} INFO - DAG(s) 'road_accident_risk_pipeline' retrieved from /opt/airflow/dags/accident_etl_dag.py
[2026-09-05T09:04:00.413+0000] {logging_mixin.py:188} INFO - [2026-09-05T09:04:00.413+0000] {dag.py:3036} INFO - Sync 1 DAGs
[2026-09-05T09:04:00.436+0000] {logging_mixin.py:188} INFO - [2026-09-05T09:04:00.435+0000] {dag.py:3823} INFO - Setting next_dagrun for road_accident_risk_pipeline to 2026-08-31 08:00:00+00:00, run_after=2026-09-07 08:00:00+00:00
[2026-09-05T09:04:00.453+0000] {processor.py:183} INFO - Processing /opt/airflow/dags/accident_etl_dag.py took 0.736 seconds
